"","Plot","Treatment","Block","PsyTreat","Shrubs","Biocrust","Seeding","DarkCyano","Lichen","Hyphae","Moss","PsyCount","Plant","Litter","Bioturb.Bare","Bioturb.Cyano","Scat","Trash","Bare","Mini","Small","Med","Large","Indt","AntMound","TOTAL","TotCrust","TotRock","Enceliopsis","Salsola","Grasses","Other_Forbs","Larea","Ambrosia","Atriplex","Eriogonum","Halogeten","BRTE","Mesquite","Mustard.Shrub","Invasive.Mustard","Astragalus","Arctomecon","Ephedra","Mentzellia","Creeper","Camissonia","TotGerm","GermSpp"
"1",1,"0_1_2",1,0,0,1,2,0,0.0432692307692308,0,0,0.0192307692307692,0.0192307692307692,0.00721153846153846,0,0,0,0,0.913461538461538,0.0456730769230769,0.0528846153846154,0.00721153846153846,0,0,0,104,0.0432692307692308,0.105769230769231,0,0,0,0,0,0,0,0,1,0,0,0,0,0,0,0,0,0,0,1,1
"2",1,"0_1_2",1,1,0,1,2,0,0.0546875,0,0,0,0.0182291666666667,0.0130208333333333,0,0,0,0,0.760416666666667,0.109375,0.1015625,0.0390625,0.00260416666666667,0,0,96,0.0546875,0.252604166666667,0,0,4,0,0,0,0,0,4,0,0,0,0,0,0,0,0,0,0,8,2
"3",2,"1_0_1",1,0,1,0,1,0,0.00260416666666667,0,0,0.00260416666666667,0.0286458333333333,0.0260416666666667,0,0,0,0,0.708333333333333,0.140625,0.122395833333333,0.046875,0.0130208333333333,0,0,96,0.00260416666666667,0.322916666666667,0,0,0,0,0,0,0,0,6,0,0,0,0,0,0,0,0,0,0,6,1
"4",2,"1_0_1",1,1,1,0,1,0,0,0,0,0.0442708333333333,0.0390625,0.0598958333333333,0,0,0.00260416666666667,0,0.708333333333333,0.143229166666667,0.0807291666666667,0.0208333333333333,0,0,0,96,0,0.244791666666667,0,0,0,0,0,0,0,0,3,0,0,0,0,0,0,0,0,0,0,3,1
"5",3,"0_0_1",1,0,0,0,1,0,0,0,0,0.00260416666666667,0.0208333333333333,0.00260416666666667,0,0,0,0,0.916666666666667,0.0390625,0.0911458333333333,0.0130208333333333,0.00260416666666667,0,0,96,0,0.145833333333333,0,0,0,0,0,0,0,0,2,0,0,0,0,0,0,0,0,0,0,2,1
"6",3,"0_0_1",1,1,0,0,1,0,0,0,0,0.0260416666666667,0.0234375,0.00520833333333333,0,0,0,0,0.833333333333333,0.0807291666666667,0.109375,0.0208333333333333,0,0,0,96,0,0.2109375,0,0,0,0,0,0,0,0,5,0,0,0,0,0,0,0,0,0,0,5,1
"7",4,"1_1_0",1,0,1,1,0,0.0286458333333333,0.046875,0,0,0.0130208333333333,0.0208333333333333,0.0260416666666667,0,0,0,0,0.75,0.1171875,0.0833333333333333,0.0364583333333333,0.0104166666666667,0,0,96,0.0755208333333333,0.247395833333333,0,1,0,0,0,0,0,0,4,0,0,0,0,0,0,0,0,0,0,5,2
"8",4,"1_1_0",1,1,1,1,0,0.0184210526315789,0.0552631578947368,0,0,0.0105263157894737,0.0263157894736842,0.0289473684210526,0,0,0,0,0.768421052631579,0.121052631578947,0.102631578947368,0.00789473684210526,0,0,0,95,0.0736842105263158,0.231578947368421,0,1,0,0,0,0,0,0,3,0,0,0,0,0,0,0,0,0,0,4,2
"9",5,"0_0_0",1,0,0,0,0,0,0,0,0,0,0.0260416666666667,0.0104166666666667,0,0,0,0,0.864583333333333,0.0651041666666667,0.0729166666666667,0.0494791666666667,0,0,0,96,0,0.1875,0,0,0,0,0,0,0,0,4,0,0,0,0,0,0,0,0,0,0,4,1
"10",5,"0_0_0",1,1,0,0,0,0,0,0,0,0.0286458333333333,0.0364583333333333,0.015625,0,0,0,0,0.75,0.0546875,0.151041666666667,0.0729166666666667,0.00520833333333333,0,0,96,0,0.283854166666667,0,0,0,0,0,0,0,0,2,0,0,0,0,0,0,0,0,0,0,2,1
"11",6,"1_0_0",1,0,1,0,0,0.00520833333333333,0.00260416666666667,0,0,0.00520833333333333,0.0182291666666667,0.015625,0,0,0,0,0.739583333333333,0.1640625,0.1171875,0.0182291666666667,0.00260416666666667,0,0,96,0.0078125,0.302083333333333,0,0,0,0,0,0,0,0,0,0,0,0,0,0,0,0,0,0,0,0,0
"12",6,"1_0_0",1,1,1,0,0,0.00263157894736842,0.00789473684210526,0,0,0.0236842105263158,0.0210526315789474,0.0184210526315789,0,0,0,0,0.673684210526316,0.144736842105263,0.152631578947368,0.0552631578947368,0,0,0,95,0.0105263157894737,0.352631578947368,0,1,0,0,0,0,0,0,3,0,0,0,0,0,0,0,0,0,0,4,2
"13",7,"0_1_0",1,0,0,1,0,0,0.0989583333333333,0,0,0,0.03125,0.0104166666666667,0,0,0,0,0.65625,0.169270833333333,0.104166666666667,0.0104166666666667,0,0,0,96,0.0989583333333333,0.283854166666667,0,0,0,0,0,0,0,0,1,0,0,0,0,0,0,0,0,0,0,1,1
"14",7,"0_1_0",1,1,0,1,0,0.0104166666666667,0.0729166666666667,0,0,0,0.0286458333333333,0.0234375,0,0,0,0,0.572916666666667,0.234375,0.130208333333333,0.0260416666666667,0,0,0,96,0.0833333333333333,0.390625,0,0,0,0,0,0,0,0,0,0,0,0,0,0,0,0,0,0,0,0,0
"15",8,"0_1_1",1,0,0,1,1,0.00520833333333333,0.0729166666666667,0,0,0,0.0208333333333333,0.0260416666666667,0,0,0,0,0.697916666666667,0.1484375,0.119791666666667,0.0182291666666667,0,0,0,96,0.078125,0.286458333333333,0,0,0,0,0,0,0,0,1,0,0,0,0,0,0,0,0,0,0,1,1
"16",8,"0_1_1",1,1,0,1,1,0.0416666666666667,0.0677083333333333,0,0,0,0.0286458333333333,0.0338541666666667,0,0,0,0,0.697916666666667,0.143229166666667,0.0807291666666667,0.0130208333333333,0,0,0,96,0.109375,0.236979166666667,0,0,0,0,0,0,0,0,1,0,0,0,0,0,0,0,0,0,0,1,1
"17",9,"1_1_1",1,0,1,1,1,0.0338541666666667,0.0390625,0,0,0,0.0338541666666667,0.0286458333333333,0,0,0,0,0.541666666666667,0.34375,0.0963541666666667,0.0130208333333333,0,0,0,96,0.0729166666666667,0.453125,0,0,0,0,0,0,0,0,0,0,0,0,0,0,0,0,0,0,0,0,0
"18",9,"1_1_1",1,1,1,1,1,0.0208333333333333,0.0703125,0,0,0,0.0338541666666667,0.0234375,0,0,0.00260416666666667,0,0.541666666666667,0.315104166666667,0.0963541666666667,0.0104166666666667,0,0,0,96,0.0911458333333333,0.421875,0,0,0,1,0,0,0,0,0,0,0,0,0,0,0,0,0,0,0,1,1
"19",10,"1_1_2",1,0,1,1,2,0.0208333333333333,0.0651041666666667,0,0,0.0130208333333333,0.0260416666666667,0.046875,0,0,0,0,0.635416666666667,0.151041666666667,0.151041666666667,0.0286458333333333,0,0,0,96,0.0859375,0.330729166666667,0,0,0,0,0,0,0,0,0,0,0,0,0,0,0,0,0,0,0,0,0
"20",10,"1_1_2",1,1,1,1,2,0.0132978723404255,0.0531914893617021,0,0,0.023936170212766,0.0345744680851064,0.0585106382978723,0,0,0,0,0.702127659574468,0.13563829787234,0.101063829787234,0.0186170212765957,0,0,0,94,0.0664893617021277,0.25531914893617,0,0,0,0,0,0,0,0,0,0,0,0,0,0,0,0,0,0,0,0,0
"21",11,"0_1_0",2,0,0,1,0,0.0911458333333333,0.0520833333333333,0,0,0,0.0130208333333333,0.0130208333333333,0.0078125,0.0520833333333333,0,0,0.625,0.127604166666667,0.1015625,0.0130208333333333,0.0104166666666667,0,0,96,0.143229166666667,0.252604166666667,0,0,0,279,0,0,0,0,0,0,0,0,0,0,0,0,0,0,0,279,1
"22",11,"0_1_0",2,1,0,1,0,0.0546875,0.0703125,0,0,0,0.0182291666666667,0.00520833333333333,0.0104166666666667,0.0104166666666667,0,0,0.760416666666667,0.0885416666666667,0.0807291666666667,0.0130208333333333,0,0,0,96,0.125,0.182291666666667,0,0,0,113,0,0,0,0,0,0,0,0,0,0,0,0,0,0,0,113,1
"23",12,"1_1_1",2,0,1,1,1,0.113157894736842,0.0473684210526316,0,0,0,0.0236842105263158,0.0210526315789474,0.0105263157894737,0,0,0,0.486842105263158,0.205263157894737,0.155263157894737,0.0315789473684211,0.0263157894736842,0,0,95,0.160526315789474,0.418421052631579,0,0,0,69,0,0,0,0,0,0,0,0,0,0,0,0,0,0,0,69,1
"24",12,"1_1_1",2,1,1,1,1,0.0755208333333333,0.0520833333333333,0,0,0,0.015625,0.03125,0,0,0,0.00260416666666667,0.583333333333333,0.1875,0.1171875,0.0416666666666667,0.0104166666666667,0,0,96,0.127604166666667,0.356770833333333,1,0,0,129,0,0,0,0,0,0,0,0,0,0,0,0,0,0,0,130,2
"25",13,"0_0_1",2,0,0,0,1,0,0,0,0,0.00260416666666667,0.0104166666666667,0.0234375,0,0,0,0.0130208333333333,0.604166666666667,0.166666666666667,0.166666666666667,0.0494791666666667,0,0,0,96,0,0.3828125,0,0,0,80,0,0,0,0,0,0,0,0,0,0,0,0,0,0,0,80,1
"26",13,"0_0_1",2,1,0,0,1,0,0,0,0,0.078125,0.0104166666666667,0.0208333333333333,0,0,0,0.00520833333333333,0.666666666666667,0.135416666666667,0.130208333333333,0.0260416666666667,0,0,0,96,0,0.291666666666667,1,0,0,92,0,0,0,0,0,0,0,0,0,0,0,0,0,0,0,93,2
"27",14,"1_1_0",2,0,1,1,0,0.0885416666666667,0.0546875,0,0,0,0.0182291666666667,0.0364583333333333,0,0,0,0.0286458333333333,0.479166666666667,0.255208333333333,0.125,0.015625,0.0130208333333333,0,0,96,0.143229166666667,0.408854166666667,0,0,0,64,0,0,0,0,0,0,0,0,0,0,0,0,0,0,0,64,1
"28",14,"1_1_0",2,1,1,1,0,0.123711340206186,0.038659793814433,0,0,0,0.0154639175257732,0.0231958762886598,0,0,0,0.00257731958762887,0.536082474226804,0.213917525773196,0.126288659793814,0.0154639175257732,0,0,0,97,0.162371134020619,0.355670103092784,0,0,0,104,0,0,0,0,0,0,0,0,0,0,0,0,0,0,0,104,1
"29",15,"1_1_2",2,0,1,1,2,0.0598958333333333,0.0807291666666667,0,0,0,0.0208333333333333,0.0390625,0,0,0,0.015625,0.520833333333333,0.216145833333333,0.143229166666667,0.0208333333333333,0,0,0,96,0.140625,0.380208333333333,1,0,0,103,0,0,0,0,0,0,0,0,0,0,0,0,0,0,0,104,2
"30",15,"1_1_2",2,1,1,1,2,0.0703125,0.046875,0,0,0,0.0130208333333333,0.0286458333333333,0.0104166666666667,0.0130208333333333,0,0.0130208333333333,0.46875,0.25,0.15625,0.0364583333333333,0.0130208333333333,0,0,96,0.1171875,0.455729166666667,0,0,0,61,0,0,0,0,0,0,0,0,0,0,0,0,0,0,0,61,1
"31",16,"1_0_1",2,0,1,0,1,0,0,0,0,0.0130208333333333,0,0.03125,0,0,0,0.0078125,0.677083333333333,0.192708333333333,0.122395833333333,0.03125,0,0,0,96,0,0.346354166666667,1,0,0,3,0,0,0,0,0,0,0,0,0,0,0,0,0,0,0,4,2
"32",16,"1_0_1",2,1,1,0,1,0.0104166666666667,0,0,0,0.0651041666666667,0.00260416666666667,0.0260416666666667,0,0,0,0.0208333333333333,0.572916666666667,0.174479166666667,0.1640625,0.0286458333333333,0.0104166666666667,0,0,96,0.0104166666666667,0.377604166666667,0,0,0,7,0,0,0,0,0,0,0,0,0,0,1,0,0,0,0,8,2
"33",17,"0_1_1",2,0,0,1,1,0.118556701030928,0.0798969072164948,0,0,0,0,0.0257731958762887,0.0335051546391753,0,0,0.00257731958762887,0.412371134020619,0.195876288659794,0.190721649484536,0.0335051546391753,0,0,0,97,0.198453608247423,0.420103092783505,2,0,0,5,0,0,0,0,0,0,0,0,0,0,0,0,0,0,0,7,2
"34",17,"0_1_1",2,1,0,1,1,0.111979166666667,0.106770833333333,0,0,0.0104166666666667,0.015625,0.0182291666666667,0,0,0,0,0.458333333333333,0.158854166666667,0.174479166666667,0.0104166666666667,0,0,0,96,0.21875,0.34375,4,0,0,16,0,0,0,0,0,0,0,0,0,0,0,0,0,0,0,20,2
"35",18,"0_1_2",2,0,0,1,2,0.0703125,0.0989583333333333,0,0,0,0,0.0442708333333333,0,0,0,0.00520833333333333,0.583333333333333,0.177083333333333,0.106770833333333,0,0,0,0,96,0.169270833333333,0.283854166666667,0,0,0,12,0,0,0,0,0,0,0,0,0,0,0,0,0,0,0,12,1
"36",18,"0_1_2",2,1,0,1,2,0.0677083333333333,0.0442708333333333,0,0,0,0.00520833333333333,0.03125,0,0,0,0,0.552083333333333,0.2421875,0.138020833333333,0.0130208333333333,0,0,0,96,0.111979166666667,0.393229166666667,0,0,0,2,0,0,0,0,0,0,0,0,0,0,0,0,0,0,0,2,1
"37",19,"1_0_0",2,0,1,0,0,0,0.00260416666666667,0,0,0.0104166666666667,0.00520833333333333,0.046875,0,0.015625,0,0,0.510416666666667,0.203125,0.197916666666667,0.0572916666666667,0.0234375,0,0,96,0.00260416666666667,0.481770833333333,0,0,0,25,0,0,0,0,0,0,0,3,0,0,0,0,0,0,0,28,2
"38",19,"1_0_0",2,1,1,0,0,0.0208333333333333,0,0,0,0.0625,0,0.0234375,0,0.00520833333333333,0,0,0.614583333333333,0.174479166666667,0.15625,0.0234375,0,0,0,96,0.0208333333333333,0.354166666666667,0,0,0,15,0,0,0,0,0,0,0,1,0,0,0,1,0,0,0,17,3
"39",20,"0_0_0",2,0,0,0,0,0,0,0,0,0,0,0.0338541666666667,0,0,0,0,0.583333333333333,0.1796875,0.2109375,0.0390625,0.00520833333333333,0,0,96,0,0.434895833333333,0,0,0,17,0,0,0,0,0,0,0,0,0,0,0,0,0,0,0,17,1
"40",20,"0_0_0",2,1,0,0,0,0,0,0,0,0.0260416666666667,0.0182291666666667,0.0208333333333333,0,0,0,0,0.510416666666667,0.294270833333333,0.166666666666667,0.0364583333333333,0,0,0,96,0,0.497395833333333,0,0,0,35,0,0,0,0,0,0,0,2,0,0,0,0,0,0,0,37,2
"41",21,"0_1_1",3,0,0,1,1,0.0208333333333333,0.0885416666666667,0,0,0,0,0.0208333333333333,0,0,0,0.00260416666666667,0.78125,0.0338541666666667,0.122395833333333,0.0520833333333333,0.0130208333333333,0,0,96,0.109375,0.221354166666667,0,0,0,0,0,0,0,0,0,0,0,0,0,0,0,0,0,0,0,0,0
"42",21,"0_1_1",3,1,0,1,1,0.0390625,0.0598958333333333,0,0,0.00260416666666667,0.00260416666666667,0.015625,0,0,0,0,0.65625,0.130208333333333,0.1484375,0.0416666666666667,0.0104166666666667,0,0,96,0.0989583333333333,0.330729166666667,0,0,0,0,0,0,0,0,0,0,0,0,0,0,0,0,0,0,0,0,0
"43",22,"1_0_0",3,0,1,0,0,0,0,0,0,0.00537634408602151,0,0.021505376344086,0,0,0,0,0.774193548387097,0.104838709677419,0.115591397849462,0.0618279569892473,0.00268817204301075,0,0,93,0,0.28494623655914,0,0,0,0,0,0,0,0,0,0,0,0,0,0,0,0,0,0,0,0,0
"44",22,"1_0_0",3,1,1,0,0,0.00568181818181818,0.00852272727272727,0,0,0.0426136363636364,0,0.00568181818181818,0,0,0,0,0.568181818181818,0.139204545454545,0.278409090909091,0.0340909090909091,0.00284090909090909,0,0,88,0.0142045454545455,0.454545454545455,0,0,0,0,0,0,0,0,0,0,0,0,0,0,0,0,0,0,0,0,0
"45",23,"1_1_1",3,0,1,1,1,0.0416666666666667,0.0442708333333333,0,0,0.00520833333333333,0,0.0130208333333333,0,0,0,0,0.645833333333333,0.15625,0.169270833333333,0.015625,0.00260416666666667,0,0,96,0.0859375,0.34375,0,0,0,0,0,0,0,0,0,0,0,0,0,0,0,0,0,0,0,0,0
"46",23,"1_1_1",3,1,1,1,1,0.03125,0.0703125,0,0,0,0.0078125,0.0208333333333333,0.00260416666666667,0,0,0.0130208333333333,0.625,0.205729166666667,0.1015625,0.0234375,0.00260416666666667,0,0,96,0.1015625,0.333333333333333,0,0,0,0,0,0,0,0,0,0,0,0,0,0,0,0,0,0,0,0,0
"47",24,"1_1_0",3,0,1,1,0,0.00520833333333333,0.0494791666666667,0,0,0.00520833333333333,0.00260416666666667,0.015625,0,0,0,0.015625,0.760416666666667,0.0859375,0.106770833333333,0.0442708333333333,0.0364583333333333,0,0,96,0.0546875,0.2734375,0,0,0,0,0,0,0,0,0,0,0,0,0,0,0,0,0,0,0,0,0
"48",24,"1_1_0",3,1,1,1,0,0.00510204081632653,0.0306122448979592,0,0,0.00510204081632653,0.0102040816326531,0.0178571428571429,0,0,0,0,0.653061224489796,0.204081632653061,0.11734693877551,0.0637755102040816,0.00255102040816327,0,0,98,0.0357142857142857,0.387755102040816,0,0,0,0,0,0,0,0,0,0,0,0,0,0,0,0,0,0,0,0,0
"49",25,"0_0_1",3,0,0,0,1,0,0,0,0,0.00260416666666667,0,0,0,0,0,0,0.875,0.0651041666666667,0.0807291666666667,0.03125,0,0,0,96,0,0.177083333333333,0,0,0,0,0,0,0,0,0,0,0,0,0,0,0,0,0,0,0,0,0
"50",25,"0_0_1",3,1,0,0,1,0,0,0,0,0.0234375,0,0.0260416666666667,0,0,0,0.00520833333333333,0.822916666666667,0.140625,0.0729166666666667,0.0104166666666667,0,0,0,96,0,0.223958333333333,0,0,0,0,0,0,0,0,0,0,0,0,0,0,0,0,0,0,0,0,0
"51",26,"1_1_2",3,0,1,1,2,0.0128865979381443,0.0309278350515464,0,0,0,0,0.0128865979381443,0,0,0,0,0.628865979381443,0.123711340206186,0.121134020618557,0.118556701030928,0.0257731958762887,0,0,97,0.0438144329896907,0.389175257731959,1,0,0,0,0,1,0,0,0,0,0,0,0,0,0,0,0,0,0,2,2
"52",26,"1_1_2",3,1,1,1,2,0.0231958762886598,0.0360824742268041,0,0,0,0,0.0154639175257732,0,0,0,0,0.569587628865979,0.242268041237113,0.141752577319588,0.0515463917525773,0.00515463917525773,0,0,97,0.0592783505154639,0.440721649484536,0,0,0,1,0,0,0,0,0,0,0,0,0,0,0,0,0,0,0,1,1
"53",27,"1_0_1",3,0,1,0,1,0,0,0,0,0,0,0.0182291666666667,0,0,0,0.0078125,0.65625,0.200520833333333,0.135416666666667,0.03125,0,0,0,96,0,0.3671875,0,0,0,0,0,0,0,0,0,0,0,0,0,0,0,0,0,0,0,0,0
"54",27,"1_0_1",3,1,1,0,1,0,0.00520833333333333,0,0,0.0286458333333333,0,0.0234375,0,0,0,0.00260416666666667,0.6875,0.135416666666667,0.153645833333333,0.0338541666666667,0,0,0,96,0.00520833333333333,0.322916666666667,0,0,0,0,0,0,0,0,0,0,0,0,0,0,0,0,0,0,0,0,0
"55",28,"0_1_0",3,0,0,1,0,0.0515463917525773,0.0463917525773196,0,0,0,0.00257731958762887,0.0103092783505155,0,0,0,0,0.783505154639175,0.077319587628866,0.0721649484536082,0.0515463917525773,0.0283505154639175,0,0,97,0.0979381443298969,0.229381443298969,0,0,0,0,0,0,0,0,0,0,0,0,0,0,0,0,0,0,0,0,0
"56",28,"0_1_0",3,1,0,1,0,0.0546875,0.0364583333333333,0,0,0,0.00260416666666667,0.0182291666666667,0,0,0,0,0.770833333333333,0.0416666666666667,0.0963541666666667,0.0833333333333333,0.0182291666666667,0,0,96,0.0911458333333333,0.239583333333333,0,0,0,0,0,0,0,0,0,0,0,0,0,0,0,0,0,0,0,0,0
"57",29,"0_0_0",3,0,0,0,0,0,0,0,0,0.0489690721649485,0,0.0231958762886598,0,0,0,0.0103092783505155,0.670103092783505,0.121134020618557,0.149484536082474,0.0489690721649485,0.00257731958762887,0,0,97,0,0.322164948453608,0,0,0,0,0,0,0,0,0,0,0,0,0,0,0,0,0,0,0,0,0
"58",29,"0_0_0",3,1,0,0,0,0,0,0,0,0.0130208333333333,0,0.00520833333333333,0,0,0,0.0104166666666667,0.739583333333333,0.0885416666666667,0.153645833333333,0.0390625,0.0104166666666667,0,0,96,0,0.291666666666667,0,0,0,0,0,0,0,0,0,0,0,0,0,0,0,0,0,0,0,0,0
"59",30,"0_1_2",3,0,0,1,2,0.0234375,0.03125,0,0,0,0.00260416666666667,0.00520833333333333,0,0,0,0,0.791666666666667,0.0703125,0.111979166666667,0.0677083333333333,0.0104166666666667,0,0,96,0.0546875,0.260416666666667,0,0,0,1,0,0,0,0,0,0,0,0,0,0,0,0,0,0,0,1,1
"60",30,"0_1_2",3,1,0,1,2,0.0416666666666667,0.046875,0,0,0,0.00260416666666667,0,0,0,0,0.00520833333333333,0.739583333333333,0.0546875,0.119791666666667,0.1015625,0.00520833333333333,0,0,96,0.0885416666666667,0.28125,0,0,0,2,0,0,0,0,0,0,0,0,0,0,0,0,0,0,0,2,1
"61",31,"1_0_0",4,0,1,0,0,0.0755208333333333,0.015625,0,0,0.00260416666666667,0.00260416666666667,0.0390625,0,0,0,0,0.802083333333333,0.0546875,0.106770833333333,0.0182291666666667,0.00260416666666667,0,0,96,0.0911458333333333,0.182291666666667,0,3,7,1,0,0,0,0,0,0,0,0,0,0,0,0,0,0,0,11,3
"62",31,"1_0_0",4,1,1,0,0,0.0807291666666667,0.00260416666666667,0,0,0.0703125,0.00260416666666667,0.0572916666666667,0,0,0,0.0104166666666667,0.739583333333333,0.0572916666666667,0.0755208333333333,0.0104166666666667,0.00520833333333333,0,0,96,0.0833333333333333,0.1484375,0,0,1,1,0,0,0,0,0,0,0,0,0,0,0,0,0,0,0,2,2
"63",32,"1_0_1",4,0,1,0,1,0.0260416666666667,0.00260416666666667,0,0,0,0.00520833333333333,0.046875,0,0,0,0,0.9375,0.046875,0.0286458333333333,0.0130208333333333,0,0,0,96,0.0286458333333333,0.0885416666666667,0,2,0,0,0,0,0,0,0,0,0,0,0,0,0,0,0,0,0,2,1
"64",32,"1_0_1",4,1,1,0,1,0.0286458333333333,0,0,0,0.0520833333333333,0.00260416666666667,0.0625,0,0,0,0,0.864583333333333,0.0546875,0.0286458333333333,0.0078125,0.00260416666666667,0,0,96,0.0286458333333333,0.09375,0,1,0,0,0,0,0,0,0,0,0,0,0,0,0,0,0,0,0,1,1
"65",33,"1_1_0",4,0,1,1,0,0.114583333333333,0.0625,0,0,0,0,0.1015625,0,0,0,0,0.729166666666667,0.046875,0.0364583333333333,0.00260416666666667,0,0,0,96,0.177083333333333,0.0859375,0,1,0,0,0,0,0,0,0,0,0,0,0,0,0,0,0,0,0,1,1
"66",33,"1_1_0",4,1,1,1,0,0.166666666666667,0.0729166666666667,0,0,0,0.0078125,0.0390625,0,0,0,0,0.729166666666667,0.046875,0.046875,0.0130208333333333,0,0,0,96,0.239583333333333,0.106770833333333,0,5,2,2,0,0,0,0,0,0,0,0,0,0,0,0,0,0,0,9,3
"67",34,"0_0_1",4,0,0,0,1,0.0078125,0,0,0,0,0.00260416666666667,0.0364583333333333,0,0,0,0,0.947916666666667,0.0390625,0.046875,0,0.00260416666666667,0,0,96,0.0078125,0.0885416666666667,0,4,0,0,0,0,0,0,0,0,0,0,0,0,0,0,0,0,0,4,1
"68",34,"0_0_1",4,1,0,0,1,0.0494791666666667,0,0,0,0.078125,0.0182291666666667,0.0651041666666667,0,0,0,0,0.822916666666667,0.0546875,0.0234375,0.00520833333333333,0.00260416666666667,0,0,96,0.0494791666666667,0.0859375,0,0,0,0,0,0,0,0,0,0,0,0,0,0,0,0,0,0,0,0,0
"69",35,"0_1_2",4,0,0,1,2,0.0885416666666667,0.0859375,0,0,0,0,0.0390625,0,0,0,0,0.802083333333333,0.0390625,0.0494791666666667,0.00260416666666667,0,0,0,96,0.174479166666667,0.0911458333333333,0,0,0,0,0,0,0,0,0,0,0,0,0,0,0,0,0,0,0,0,0
"70",35,"0_1_2",4,1,0,1,2,0.114583333333333,0.0729166666666667,0,0,0,0.00260416666666667,0.0390625,0,0,0.00260416666666667,0,0.791666666666667,0.0286458333333333,0.046875,0,0,0,0,96,0.1875,0.0755208333333333,0,0,0,0,0,0,0,0,0,0,0,0,0,0,0,0,0,0,0,0,0
"71",36,"0_1_0",4,0,0,1,0,0.0416666666666667,0.0703125,0,0,0,0.00260416666666667,0.0494791666666667,0,0,0.00260416666666667,0,0.822916666666667,0.0885416666666667,0.0338541666666667,0,0,0,0,96,0.111979166666667,0.122395833333333,0,4,0,0,0,0,0,0,0,0,0,0,0,0,0,0,0,0,0,4,1
"72",36,"0_1_0",4,1,0,1,0,0.0520833333333333,0.0807291666666667,0,0,0,0.0078125,0.0442708333333333,0,0,0,0.00520833333333333,0.8125,0.0885416666666667,0.0182291666666667,0,0,0,0,96,0.1328125,0.106770833333333,0,0,0,0,0,0,0,0,0,0,0,0,0,0,0,0,0,0,0,0,0
"73",37,"1_1_2",4,0,1,1,2,0.09375,0.0989583333333333,0,0,0,0,0.0286458333333333,0,0,0,0,0.822916666666667,0.03125,0.03125,0,0,0,0,96,0.192708333333333,0.0625,0,3,0,0,0,0,0,0,0,0,0,0,0,0,0,0,0,0,0,3,1
"74",37,"1_1_2",4,1,1,1,2,0.0677083333333333,0.0442708333333333,0,0,0,0,0.0390625,0,0,0,0,0.885416666666667,0.0390625,0.0364583333333333,0.00260416666666667,0,0,0,96,0.111979166666667,0.078125,0,1,0,0,0,0,0,0,0,0,0,0,0,0,0,0,0,0,0,1,1
"75",38,"1_1_1",4,0,1,1,1,0.0442708333333333,0.0703125,0,0,0,0,0.0494791666666667,0,0,0,0,0.84375,0.046875,0.0572916666666667,0.00520833333333333,0,0,0,96,0.114583333333333,0.109375,0,0,0,0,0,0,0,0,0,0,0,0,0,0,0,0,0,0,0,0,0
"76",38,"1_1_1",4,1,1,1,1,0.0364583333333333,0.0703125,0,0,0,0.00260416666666667,0.0442708333333333,0,0,0,0.00260416666666667,0.822916666666667,0.0703125,0.046875,0.0104166666666667,0.00260416666666667,0,0,96,0.106770833333333,0.130208333333333,0,0,0,0,0,0,0,0,0,0,0,0,0,0,0,0,0,0,0,0,0
"77",39,"0_0_0",4,0,0,0,0,0.0494791666666667,0.0989583333333333,0,0,0,0.00260416666666667,0.03125,0,0,0,0,0.864583333333333,0.0390625,0.0130208333333333,0.00260416666666667,0,0,0,96,0.1484375,0.0546875,0,2,0,2,0,0,0,0,0,0,0,0,0,0,0,0,0,0,0,4,2
"78",39,"0_0_0",4,1,0,0,0,0.0494791666666667,0.0651041666666667,0,0,0,0.0104166666666667,0.046875,0,0,0,0,0.864583333333333,0.0390625,0.0494791666666667,0,0,0,0,96,0.114583333333333,0.0885416666666667,0,6,0,0,0,0,0,0,0,0,0,0,0,0,0,0,0,0,0,6,1
"79",40,"0_1_1",4,0,0,1,1,0,0,0,0,0.0729166666666667,0.0208333333333333,0.130208333333333,0,0,0,0,0.760416666666667,0.0546875,0.0416666666666667,0.0208333333333333,0,0,0,96,0,0.1171875,0,0,0,0,0,0,0,0,0,0,0,0,0,0,0,0,0,0,0,0,0
"80",40,"0_1_1",4,1,0,1,1,0,0,0,0,0.00520833333333333,0.0130208333333333,0.0807291666666667,0,0,0,0,0.854166666666667,0.0807291666666667,0.0364583333333333,0.0208333333333333,0,0,0,96,0,0.138020833333333,0,1,0,0,0,0,0,0,0,0,0,0,0,0,0,0,0,0,0,1,1
"81",41,"0_1_1",5,0,0,1,1,0.0234375,0.0390625,0,0,0,0.0130208333333333,0.015625,0,0,0,0,0.854166666666667,0.078125,0.0520833333333333,0.0208333333333333,0,0,0,96,0.0625,0.151041666666667,0,0,0,1,0,0,0,0,0,0,0,0,0,0,0,0,0,0,0,1,1
"82",41,"0_1_1",5,1,0,1,1,0.03125,0.0520833333333333,0,0,0.0390625,0,0.0104166666666667,0,0,0,0,0.791666666666667,0.046875,0.0572916666666667,0.0703125,0,0,0,96,0.0833333333333333,0.174479166666667,0,0,0,0,0,0,0,0,0,0,0,0,0,0,0,0,0,0,0,0,0
"83",42,"1_0_0",5,0,1,0,0,0,0,0,0,0.0546875,0,0.0338541666666667,0,0,0,0,0.84375,0.0416666666666667,0.0625,0.0390625,0,0,0,96,0,0.143229166666667,0,0,0,0,0,0,0,0,0,0,0,0,0,0,0,0,0,0,0,0,0
"84",42,"1_0_0",5,1,1,0,0,0,0.0102040816326531,0,0,0.048469387755102,0,0.0280612244897959,0.0102040816326531,0,0,0,0.785714285714286,0.0739795918367347,0.076530612244898,0.0408163265306122,0,0,0,98,0.0102040816326531,0.191326530612245,0,0,0,1,0,0,0,0,0,0,0,0,0,0,0,0,0,0,0,1,1
"85",43,"1_1_0",5,0,1,1,0,0.00520833333333333,0.0442708333333333,0,0,0.0078125,0,0.0130208333333333,0,0,0,0.00260416666666667,0.8125,0.0807291666666667,0.0729166666666667,0.0625,0.00260416666666667,0,0,96,0.0494791666666667,0.21875,0,0,0,0,0,0,0,0,0,0,0,0,0,0,0,0,0,0,0,0,0
"86",43,"1_1_0",5,1,1,1,0,0.00520833333333333,0.0520833333333333,0,0,0.00260416666666667,0.00260416666666667,0.0416666666666667,0,0,0,0,0.71875,0.0729166666666667,0.111979166666667,0.0729166666666667,0,0,0,96,0.0572916666666667,0.2578125,0,0,0,0,0,0,0,0,0,0,0,0,0,0,0,0,0,0,0,0,0
"87",44,"0_0_1",5,0,0,0,1,0.00260416666666667,0.00260416666666667,0,0,0.00260416666666667,0,0.0546875,0,0,0,0,0.697916666666667,0.1015625,0.0572916666666667,0.0651041666666667,0.0911458333333333,0,0,96,0.00520833333333333,0.315104166666667,0,0,0,0,0,0,0,0,0,0,0,0,0,0,0,0,0,0,0,0,0
"88",44,"0_0_1",5,1,0,0,1,0,0.0420792079207921,0,0,0.0321782178217822,0,0.0272277227722772,0,0,0,0,0.693069306930693,0.106435643564356,0.0717821782178218,0.106435643564356,0.0123762376237624,0,0,101,0.0420792079207921,0.297029702970297,0,0,0,0,0,0,0,0,0,0,0,0,0,0,0,0,0,0,0,0,0
"89",45,"0_1_2",5,0,0,1,2,0.00260416666666667,0.0833333333333333,0,0,0.0260416666666667,0,0.0572916666666667,0,0,0,0,0.802083333333333,0.0625,0.0572916666666667,0.0130208333333333,0.0234375,0,0,96,0.0859375,0.15625,0,0,0,0,0,0,0,0,0,0,0,0,0,0,0,0,0,0,0,0,0
"90",45,"0_1_2",5,1,0,1,2,0.00257731958762887,0.103092783505155,0,0,0.100515463917526,0,0.038659793814433,0,0,0,0,0.721649484536082,0.0721649484536082,0.0412371134020619,0.0231958762886598,0.0128865979381443,0,0,97,0.105670103092784,0.149484536082474,0,0,0,0,0,0,0,0,0,0,0,0,0,0,0,0,0,0,0,0,0
"91",46,"1_0_1",5,0,1,0,1,0,0,0,0,0.0130208333333333,0.00520833333333333,0.0364583333333333,0,0,0,0,0.739583333333333,0.145833333333333,0.106770833333333,0.0286458333333333,0,0,0,96,0,0.28125,0,0,0,0,0,0,0,0,2,0,0,0,0,0,0,0,0,0,0,2,1
"92",46,"1_0_1",5,1,1,0,1,0,0,0,0,0.03125,0.00260416666666667,0.0755208333333333,0,0,0,0,0.614583333333333,0.125,0.1015625,0.0963541666666667,0.0260416666666667,0,0,96,0,0.348958333333333,0,0,0,0,0,0,0,0,0,0,0,0,0,0,0,0,0,0,0,0,0
"93",47,"0_1_0",5,0,0,1,0,0.0546875,0.0625,0,0,0.03125,0.00260416666666667,0.0364583333333333,0,0,0,0,0.739583333333333,0.03125,0.0390625,0.0677083333333333,0.0729166666666667,0,0,96,0.1171875,0.2109375,0,1,0,2,0,0,0,0,1,0,0,0,0,0,0,0,0,0,0,4,3
"94",47,"0_1_0",5,1,0,1,0,0.182291666666667,0.0651041666666667,0,0,0.0625,0.00520833333333333,0.0625,0,0,0,0,0.541666666666667,0.03125,0.0260416666666667,0.0677083333333333,0.0885416666666667,0,0,96,0.247395833333333,0.213541666666667,0,1,0,3,0,0,0,0,0,0,0,0,0,0,0,0,0,0,0,4,2
"95",48,"1_1_2",5,0,1,1,2,0.0442708333333333,0.0729166666666667,0,0,0,0.00520833333333333,0.0572916666666667,0,0,0,0.00260416666666667,0.75,0.104166666666667,0.0546875,0.03125,0,0,0,96,0.1171875,0.190104166666667,0,0,0,4,0,0,0,0,2,0,0,0,0,0,0,0,0,0,0,6,2
"96",48,"1_1_2",5,1,1,1,2,0.0130208333333333,0.046875,0,0,0,0.00260416666666667,0.0442708333333333,0,0,0,0,0.8125,0.135416666666667,0.0442708333333333,0.0078125,0,0,0,96,0.0598958333333333,0.1875,0,0,0,1,0,0,2,0,2,0,0,0,0,0,0,0,0,0,0,5,3
"97",49,"0_0_0",5,0,0,0,0,0.00260416666666667,0.00520833333333333,0,0,0,0,0.0338541666666667,0,0,0,0,0.71875,0.0989583333333333,0.0416666666666667,0.0989583333333333,0.0703125,0,0,96,0.0078125,0.309895833333333,0,0,0,0,0,0,0,0,0,0,0,0,0,0,0,0,0,0,0,0,0
"98",49,"0_0_0",5,1,0,0,0,0.0234375,0.015625,0,0,0.0208333333333333,0,0.0364583333333333,0,0,0,0.0078125,0.677083333333333,0.0755208333333333,0.0494791666666667,0.111979166666667,0.0963541666666667,0,0,96,0.0390625,0.333333333333333,0,0,0,0,0,0,0,0,0,0,0,0,0,0,0,0,0,0,0,0,0
"99",50,"1_1_1",5,0,1,1,1,0.0412371134020619,0.038659793814433,0,0,0.0283505154639175,0.00257731958762887,0.0463917525773196,0.0103092783505155,0,0,0.00257731958762887,0.701030927835051,0.128865979381443,0.0747422680412371,0.0567010309278351,0.0154639175257732,0,0,97,0.0798969072164948,0.275773195876289,0,0,0,0,0,0,0,0,0,0,0,0,0,0,0,0,0,0,0,0,0
"100",50,"1_1_1",5,1,1,1,1,0.03125,0.0651041666666667,0,0,0.015625,0.00260416666666667,0.0651041666666667,0,0,0,0,0.697916666666667,0.104166666666667,0.0390625,0.0546875,0.0442708333333333,0,0,96,0.0963541666666667,0.2421875,0,0,0,0,0,0,0,0,0,0,0,0,0,0,0,0,0,0,0,0,0
"101",51,"0_1_0",6,0,0,1,0,0.0078125,0.0989583333333333,0,0,0.177083333333333,0.00260416666666667,0.0286458333333333,0,0,0,0,0.4375,0.231770833333333,0.0859375,0.0286458333333333,0,0,0,96,0.106770833333333,0.346354166666667,0,0,0,1,0,0,0,0,0,0,0,0,0,0,0,0,0,0,0,1,1
"102",51,"0_1_0",6,1,0,1,0,0.0078125,0.166666666666667,0,0,0.234375,0,0.0286458333333333,0,0,0,0,0.375,0.197916666666667,0.0625,0.015625,0,0,0,96,0.174479166666667,0.276041666666667,0,0,0,3,0,0,0,0,0,0,0,0,0,0,0,0,0,0,0,3,1
"103",52,"1_0_0",6,0,1,0,0,0,0.0078125,0,0,0,0,0.0260416666666667,0,0,0,0,0.625,0.28125,0.0911458333333333,0.0338541666666667,0.0182291666666667,0,0,96,0.0078125,0.424479166666667,0,0,0,3,0,0,0,0,0,0,0,0,0,0,0,0,0,0,0,3,1
"104",52,"1_0_0",6,1,1,0,0,0,0.0130208333333333,0,0,0.0546875,0,0.0625,0,0,0,0,0.614583333333333,0.216145833333333,0.078125,0.0364583333333333,0.0260416666666667,0,0,96,0.0130208333333333,0.356770833333333,0,0,0,0,0,0,0,0,0,0,0,0,0,0,0,0,0,0,0,0,0
"105",53,"1_1_1",6,0,1,1,1,0.0677083333333333,0.0651041666666667,0,0,0,0,0.0078125,0,0,0,0,0.677083333333333,0.127604166666667,0.104166666666667,0.0260416666666667,0,0,0,96,0.1328125,0.2578125,3,0,0,3,0,0,0,0,0,0,0,0,0,0,0,0,0,0,0,6,2
"106",53,"1_1_1",6,1,1,1,1,0.03125,0.046875,0,0,0,0.00520833333333333,0.0130208333333333,0,0,0,0,0.729166666666667,0.106770833333333,0.1171875,0.0416666666666667,0,0,0,96,0.078125,0.265625,2,0,0,7,0,0,0,0,0,0,0,0,0,0,0,0,0,0,0,9,2
"107",54,"1_1_0",6,0,1,1,0,0.0208333333333333,0.127604166666667,0,0,0,0,0.0130208333333333,0,0,0,0,0.708333333333333,0.0859375,0.109375,0.0338541666666667,0.00260416666666667,0,0,96,0.1484375,0.231770833333333,0,0,0,2,0,0,0,0,0,0,0,0,0,0,0,0,0,0,0,2,1
"108",54,"1_1_0",6,1,1,1,0,0.0755208333333333,0.0546875,0,0,0,0.00260416666666667,0.0182291666666667,0,0,0,0,0.6875,0.138020833333333,0.106770833333333,0.0234375,0,0,0,96,0.130208333333333,0.268229166666667,0,0,2,3,0,0,0,0,0,0,0,0,0,1,0,0,0,0,0,6,3
"109",55,"0_0_0",6,0,0,0,0,0,0,0,0,0.0104166666666667,0,0.00260416666666667,0,0,0,0,0.302083333333333,0.604166666666667,0.104166666666667,0.0104166666666667,0,0,0,96,0,0.71875,0,0,0,2,0,0,0,0,0,0,0,0,0,0,0,0,0,0,0,2,1
"110",55,"0_0_0",6,1,0,0,0,0,0,0,0,0.068421052631579,0,0.0131578947368421,0,0,0,0.00263157894736842,0.305263157894737,0.547368421052632,0.115789473684211,0.00789473684210526,0,0,0,95,0,0.671052631578947,0,0,0,1,0,0,0,0,0,0,0,0,0,0,0,0,0,0,0,1,1
"111",56,"0_1_2",6,0,0,1,2,0.015625,0.0651041666666667,0,0,0.0234375,0,0.0364583333333333,0,0,0,0,0.5625,0.25,0.1328125,0.0182291666666667,0.00260416666666667,0,0,96,0.0807291666666667,0.403645833333333,0,0,0,3,0,0,0,0,0,0,0,0,0,0,0,0,0,0,0,3,1
"112",56,"0_1_2",6,1,0,1,2,0.0208333333333333,0.0546875,0,0,0.0260416666666667,0,0.0416666666666667,0,0,0,0,0.59375,0.171875,0.184895833333333,0.0208333333333333,0,0,0,96,0.0755208333333333,0.377604166666667,0,0,0,0,0,0,0,0,0,0,0,0,0,0,0,0,0,0,0,0,0
"113",57,"1_0_1",6,0,1,0,1,0,0.0078125,0,0,0,0,0.0182291666666667,0,0,0,0,0.635416666666667,0.161458333333333,0.1796875,0.0494791666666667,0.0078125,0,0,96,0.0078125,0.3984375,0,0,0,0,0,0,0,0,0,0,0,0,0,0,0,0,0,0,0,0,0
"114",57,"1_0_1",6,1,1,0,1,0.015625,0,0,0,0.0546875,0.00520833333333333,0.0182291666666667,0.0130208333333333,0,0,0,0.541666666666667,0.2265625,0.174479166666667,0.03125,0.0104166666666667,0,0,96,0.015625,0.442708333333333,1,0,0,3,0,0,0,0,0,0,0,1,0,0,0,0,0,0,0,5,3
"115",58,"0_1_1",6,0,0,1,1,0.0182291666666667,0.0546875,0,0,0.03125,0.00260416666666667,0.0364583333333333,0,0,0,0,0.583333333333333,0.229166666666667,0.1171875,0.0364583333333333,0,0,0,96,0.0729166666666667,0.3828125,0,0,0,2,0,0,0,0,0,0,0,0,0,0,0,0,0,0,0,2,1
"116",58,"0_1_1",6,1,0,1,1,0.0208333333333333,0.046875,0,0,0.0208333333333333,0.00260416666666667,0.0260416666666667,0,0,0,0,0.645833333333333,0.200520833333333,0.1171875,0.0390625,0,0,0,96,0.0677083333333333,0.356770833333333,3,0,1,3,0,0,0,0,0,0,0,0,0,0,0,0,0,0,0,7,3
"117",59,"1_1_2",6,0,1,1,2,0.0208333333333333,0.0729166666666667,0,0,0,0.00260416666666667,0.015625,0,0,0,0,0.697916666666667,0.138020833333333,0.104166666666667,0.0416666666666667,0.0130208333333333,0,0,96,0.09375,0.296875,0,0,0,4,0,0,0,0,0,0,0,0,0,0,0,0,0,0,0,4,1
"118",59,"1_1_2",6,1,1,1,2,0.1328125,0.0651041666666667,0,0,0,0.0104166666666667,0.0234375,0,0,0,0,0.510416666666667,0.15625,0.143229166666667,0.046875,0.0104166666666667,0,0,96,0.197916666666667,0.356770833333333,0,0,0,1,0,0,0,0,0,0,0,0,0,0,0,0,0,0,0,1,1
"119",60,"0_0_1",7,0,0,0,1,0,0.0078125,0,0,0,0,0.03125,0,0,0,0,0.440104166666667,0.333333333333333,0.197916666666667,0.0234375,0,0,0,96,0.0078125,0.5546875,1,0,0,0,0,0,0,0,0,0,0,0,0,0,0,0,0,0,0,1,1
"120",60,"0_0_1",7,1,0,0,1,0,0,0,0,0.0541237113402062,0.0077319587628866,0.0360824742268041,0,0,0,0,0.556701030927835,0.219072164948454,0.188144329896907,0.0180412371134021,0,0,0,97,0,0.425257731958763,1,0,0,0,0,0,0,0,0,0,0,0,0,0,0,0,0,0,0,1,1
"121",61,"1_0_0",7,0,1,0,0,0.00260416666666667,0,0,0,0,0,0.0260416666666667,0,0,0,0,0.864583333333333,0.0651041666666667,0.0833333333333333,0.0130208333333333,0.0338541666666667,0,0,96,0.00260416666666667,0.1953125,0,1,0,0,0,0,0,0,0,0,0,0,1,0,0,0,0,0,0,2,2
"122",61,"1_0_0",7,1,1,0,0,0.0364583333333333,0,0,0,0.0703125,0,0.0338541666666667,0,0,0,0,0.854166666666667,0.046875,0.0390625,0.0520833333333333,0.00260416666666667,0,0,96,0.0364583333333333,0.140625,0,0,0,0,0,0,0,0,0,0,0,0,2,0,0,0,0,0,0,2,1
"123",62,"0_1_1",7,0,0,1,1,0.0677083333333333,0.0572916666666667,0,0,0,0,0.0182291666666667,0,0,0,0,0.875,0.0442708333333333,0.046875,0.0078125,0,0,0,96,0.125,0.0989583333333333,0,0,0,0,0,0,0,0,0,0,0,0,0,0,0,0,0,0,0,0,0
"124",62,"0_1_1",7,1,0,1,1,0.0390625,0.0651041666666667,0,0,0,0,0.015625,0,0,0,0,0.864583333333333,0.0494791666666667,0.0520833333333333,0.0208333333333333,0,0,0,96,0.104166666666667,0.122395833333333,0,0,0,0,0,0,0,0,0,0,0,0,0,0,0,0,0,0,0,0,0
"125",63,"1_0_1",7,0,1,0,1,0.00257731958762887,0,0,0,0,0,0.0360824742268041,0,0,0,0,0.927835051546392,0.0463917525773196,0.0463917525773196,0.0360824742268041,0.00515463917525773,0,0,97,0.00257731958762887,0.134020618556701,0,1,0,0,0,0,0,0,0,0,0,0,1,0,0,0,0,0,0,2,2
"126",63,"1_0_1",7,1,1,0,1,0.0364583333333333,0.00260416666666667,0,0,0.09375,0.00520833333333333,0.0442708333333333,0,0,0,0,0.760416666666667,0.0703125,0.0546875,0.0364583333333333,0.0130208333333333,0,0,96,0.0390625,0.174479166666667,0,0,0,0,0,0,0,0,0,0,0,0,0,0,0,0,0,0,0,0,0
"127",64,"0_0_0",7,0,0,0,0,0,0,0,0,0,0.0078125,0.0182291666666667,0,0,0,0,0.947916666666667,0.0442708333333333,0.0390625,0.0208333333333333,0,0,0,96,0,0.104166666666667,0,0,0,0,0,0,0,0,0,0,0,0,5,0,0,0,0,0,0,5,1
"128",64,"0_0_0",7,1,0,0,0,0,0,0,0,0.106770833333333,0.00520833333333333,0.0234375,0,0,0,0,0.885416666666667,0.0130208333333333,0.03125,0.0234375,0,0,0,96,0,0.046875,0,0,0,0,0,0,0,0,0,0,0,0,3,0,0,0,0,0,0,3,1
"129",65,"1_1_0",7,0,1,1,0,0.0833333333333333,0.0486111111111111,0,0,0,0,0.0381944444444444,0,0,0,0,0.875,0.0381944444444444,0.03125,0.0173611111111111,0,0,0,72,0.131944444444444,0.0868055555555556,0,0,0,0,0,0,0,0,0,0,0,0,9,0,0,0,0,0,0,9,1
"130",65,"1_1_0",7,1,1,1,0,0.0286458333333333,0.0364583333333333,0,0,0,0.0078125,0.015625,0,0,0,0,0.90625,0.0546875,0.0625,0.0182291666666667,0,0,0,96,0.0651041666666667,0.135416666666667,0,1,0,2,0,0,0,0,0,0,0,0,5,0,0,0,0,0,0,8,3
"131",66,"1_1_2",7,0,1,1,2,0.0130208333333333,0.0625,0,0,0.00260416666666667,0,0.03125,0,0,0,0,0.84375,0.0546875,0.0911458333333333,0.0130208333333333,0,0,0,96,0.0755208333333333,0.158854166666667,0,1,0,3,0,0,0,0,0,0,0,0,15,0,0,0,0,0,0,19,3
"132",66,"1_1_2",7,1,1,1,2,0.038659793814433,0.038659793814433,0,0,0.00515463917525773,0,0.0231958762886598,0,0,0,0,0.907216494845361,0.0412371134020619,0.0541237113402062,0.0180412371134021,0,0,0,97,0.077319587628866,0.11340206185567,0,1,0,0,0,0,0,0,0,0,0,0,12,0,0,0,0,0,0,13,2
"133",67,"0_1_2",7,0,0,1,2,0.0130208333333333,0.0859375,0,0,0,0,0.015625,0,0,0,0,0.90625,0.0286458333333333,0.046875,0.0182291666666667,0,0,0,96,0.0989583333333333,0.09375,0,0,0,1,0,0,0,0,0,0,0,0,9,0,0,0,0,0,0,10,2
"134",67,"0_1_2",7,1,0,1,2,0.00260416666666667,0.0390625,0,0,0.0729166666666667,0.0182291666666667,0.0104166666666667,0,0,0,0,0.854166666666667,0.0572916666666667,0.0546875,0.015625,0,0,0,96,0.0416666666666667,0.127604166666667,0,0,0,0,0,0,0,0,0,0,0,0,6,0,0,0,0,0,0,6,1
"135",68,"1_1_1",7,0,1,1,1,0.0338541666666667,0.0364583333333333,0,0,0,0.00260416666666667,0.015625,0,0,0,0,0.96875,0.0286458333333333,0.03125,0.015625,0.00260416666666667,0,0,96,0.0703125,0.078125,0,0,0,0,0,0,0,0,0,0,0,0,6,0,0,0,0,0,0,6,1
"136",68,"1_1_1",7,1,1,1,1,0.121134020618557,0.0463917525773196,0,0,0,0.00257731958762887,0.0206185567010309,0,0,0,0,0.804123711340206,0.0412371134020619,0.0592783505154639,0.0103092783505155,0,0,0,97,0.167525773195876,0.110824742268041,0,1,0,0,0,0,0,0,0,0,0,0,3,0,0,0,0,0,0,4,2
"137",69,"0_0_1",7,0,0,0,1,0,0,0,0,0,0,0.0130208333333333,0,0,0,0,0.9375,0.0416666666666667,0.0625,0.0078125,0,0,0,96,0,0.111979166666667,0,0,0,0,0,0,0,0,0,0,0,0,4,0,0,0,0,0,0,4,1
"138",69,"0_0_1",7,1,0,0,1,0,0,0,0,0.0605263157894737,0,0.0157894736842105,0,0,0,0,0.926315789473684,0.0289473684210526,0.0552631578947368,0.0131578947368421,0,0,0,95,0,0.0973684210526316,0,1,0,0,0,0,0,0,0,0,0,0,2,0,0,0,0,0,0,3,2
"139",70,"0_1_0",7,0,0,1,0,0.118556701030928,0.038659793814433,0,0,0,0.0077319587628866,0.0257731958762887,0,0,0,0,0.804123711340206,0.0231958762886598,0.0515463917525773,0.0180412371134021,0.0154639175257732,0,0,97,0.157216494845361,0.108247422680412,0,3,0,1,0,0,0,0,0,0,0,0,38,0,0,0,0,0,0,42,3
"140",70,"0_1_0",7,1,0,1,0,0.0438144329896907,0.0515463917525773,0,0,0.00257731958762887,0.00257731958762887,0.0257731958762887,0,0,0,0,0.896907216494845,0.0231958762886598,0.0463917525773196,0.0128865979381443,0.0128865979381443,0,0,97,0.095360824742268,0.095360824742268,0,3,0,3,0,0,0,0,0,0,0,0,11,0,0,0,0,0,0,17,3
"141",71,"0_1_1",8,0,0,1,1,0.00789473684210526,0.0473684210526316,0,0,0.0131578947368421,0,0.0236842105263158,0,0.00526315789473684,0,0,0.947368421052632,0.0184210526315789,0.0342105263157895,0.0131578947368421,0.00263157894736842,0,0,95,0.0552631578947368,0.068421052631579,0,1,0,2,0,0,0,0,1,0,0,0,0,0,0,0,0,0,0,4,3
"142",71,"0_1_1",8,1,0,1,1,0.0182291666666667,0.03125,0,0,0.0260416666666667,0.0104166666666667,0.015625,0,0,0,0,0.96875,0.0182291666666667,0.0182291666666667,0.0130208333333333,0.00260416666666667,0,0,96,0.0494791666666667,0.0520833333333333,0,5,0,4,0,0,0,0,1,0,0,0,0,0,0,0,0,0,0,10,3
"143",72,"0_0_1",8,0,0,0,1,0.00260416666666667,0,0,0,0,0.00260416666666667,0.0208333333333333,0,0,0,0,0.947916666666667,0.0234375,0.0442708333333333,0.00260416666666667,0.0104166666666667,0,0,96,0.00260416666666667,0.0807291666666667,0,1,0,0,0,0,0,0,0,0,0,0,0,0,0,0,0,0,0,1,1
"144",72,"0_0_1",8,1,0,0,1,0.0210526315789474,0,0,0,0.0394736842105263,0.00526315789473684,0.0315789473684211,0,0,0,0,0.968421052631579,0.0184210526315789,0.0368421052631579,0,0,0,0,95,0.0210526315789474,0.0552631578947368,0,3,0,1,0,0,0,0,1,0,0,0,0,0,0,0,0,0,0,5,3
"145",73,"1_0_1",8,0,1,0,1,0,0,0,0,0.0260416666666667,0,0.0208333333333333,0,0,0,0,0.9375,0.0546875,0.0104166666666667,0.00520833333333333,0,0,0,96,0,0.0703125,0,2,0,0,0,0,0,0,12,0,0,0,0,0,0,0,0,0,0,14,2
"146",73,"1_0_1",8,1,1,0,1,0,0,0,0,0.0234375,0,0.0286458333333333,0,0,0,0,0.8046875,0.192708333333333,0.0130208333333333,0.00260416666666667,0,0,0,96,0,0.208333333333333,0,0,0,0,0,0,0,0,6,0,0,0,0,0,0,0,0,0,0,6,1
"147",74,"1_0_0",8,0,1,0,0,0,0,0,0,0,0,0.0182291666666667,0,0,0,0,0.96875,0.0390625,0.0260416666666667,0.00260416666666667,0,0,0,96,0,0.0677083333333333,0,2,0,1,0,0,1,0,0,0,0,0,0,0,0,0,0,0,0,4,3
"148",74,"1_0_0",8,1,1,0,0,0.0208333333333333,0,0,0,0.0208333333333333,0.00520833333333333,0.0234375,0,0,0,0,0.927083333333333,0.0729166666666667,0.0364583333333333,0.00520833333333333,0,0,0,96,0.0208333333333333,0.114583333333333,0,0,0,3,0,0,0,0,4,0,0,0,0,0,0,0,0,0,0,7,2
"149",75,"0_0_0",8,0,0,0,0,0,0,0,0,0,0.00260416666666667,0.00520833333333333,0,0,0,0,0.96875,0.03125,0.0078125,0.0104166666666667,0,0,0,96,0,0.0494791666666667,0,1,0,0,0,0,0,0,1,0,0,1,0,0,0,0,0,0,0,3,3
"150",75,"0_0_0",8,1,0,0,0,0,0,0,0,0.0442708333333333,0,0.0130208333333333,0,0,0,0,0.96875,0.015625,0.0234375,0,0,0,0,96,0,0.0390625,0,2,0,2,0,0,0,0,0,0,0,1,0,0,0,0,0,0,0,5,3
"151",76,"1_1_1",8,0,1,1,1,0.0154639175257732,0.0438144329896907,0,0,0,0,0.0206185567010309,0,0,0,0,0.979381443298969,0.0257731958762887,0.0257731958762887,0,0,0,0,97,0.0592783505154639,0.0515463917525773,0,5,0,2,0,0,0,0,9,0,0,0,0,0,0,0,0,0,0,16,3
"152",76,"1_1_1",8,1,1,1,1,0.0989583333333333,0.0442708333333333,0,0,0,0,0.0286458333333333,0,0,0,0,0.885416666666667,0.0338541666666667,0.0260416666666667,0.00520833333333333,0,0,0,96,0.143229166666667,0.0651041666666667,1,0,0,4,0,0,0,0,0,0,0,0,0,0,0,0,0,0,0,5,2
"153",77,"1_1_0",8,0,1,1,0,0.0520833333333333,0.0338541666666667,0,0,0.00260416666666667,0,0.0260416666666667,0,0,0,0,0.90625,0.0208333333333333,0.0546875,0,0,0,0,96,0.0859375,0.0755208333333333,0,4,0,3,0,0,0,0,4,0,0,0,0,0,0,0,0,0,0,11,3
"154",77,"1_1_0",8,1,1,1,0,0.0390625,0.046875,0,0,0.0182291666666667,0.00520833333333333,0.03125,0,0,0,0,0.916666666666667,0.0338541666666667,0.0234375,0,0,0,0,96,0.0859375,0.0572916666666667,0,1,0,7,0,0,0,0,5,0,0,0,0,0,0,0,0,0,0,13,3
"155",78,"1_1_2",8,0,1,1,2,0.0546875,0.0390625,0,0,0,0,0.015625,0,0,0,0,0.9375,0.0208333333333333,0.0104166666666667,0.0234375,0,0,0,96,0.09375,0.0546875,0,0,0,0,0,0,0,0,0,0,0,0,0,0,0,0,0,0,0,0,0
"156",78,"1_1_2",8,1,1,1,2,0.109375,0.0546875,0,0,0.0104166666666667,0,0.0364583333333333,0,0,0,0,0.822916666666667,0.03125,0.015625,0.0130208333333333,0,0,0,96,0.1640625,0.0598958333333333,0,0,0,1,0,0,0,0,0,0,0,0,0,0,0,0,0,0,0,1,1
"157",79,"0_1_2",8,0,0,1,2,0.0710526315789474,0.0605263157894737,0,0,0.00263157894736842,0,0.0236842105263158,0,0,0,0,0.894736842105263,0.0289473684210526,0.0105263157894737,0,0,0,0,95,0.131578947368421,0.0394736842105263,0,0,0,0,0,0,0,0,0,0,0,0,0,0,0,0,0,0,0,0,0
"158",79,"0_1_2",8,1,0,1,2,0.0625,0.0807291666666667,0,0,0.0078125,0,0.0286458333333333,0,0,0,0,0.885416666666667,0.0130208333333333,0.0338541666666667,0,0,0,0,96,0.143229166666667,0.046875,0,0,0,2,0,0,0,0,2,0,0,0,0,0,0,0,0,0,0,4,2
"159",80,"0_1_0",8,0,0,1,0,0.046875,0.0390625,0,0,0,0,0.015625,0,0,0,0,0.958333333333333,0.0338541666666667,0.00520833333333333,0.00260416666666667,0,0,0,96,0.0859375,0.0416666666666667,0,0,0,2,0,0,0,0,3,0,0,0,0,0,0,0,0,0,0,5,2
"160",80,"0_1_0",8,1,0,1,0,0.109375,0.0390625,0,0,0,0,0.0130208333333333,0,0,0,0,0.875,0.0182291666666667,0.0208333333333333,0.0078125,0,0,0,96,0.1484375,0.046875,0,0,0,3,0,0,0,0,0,0,0,0,0,0,0,0,0,0,0,3,1
"161",81,"0_0_1",9,0,0,0,1,0,0,0,0,0,0,0,0,0,0,0,0.96875,0.0390625,0.0338541666666667,0.0182291666666667,0,0,0,96,0,0.0911458333333333,0,0,0,0,0,0,0,0,0,0,0,0,0,0,0,0,0,0,0,0,0
"162",81,"0_0_1",9,1,0,0,1,0,0,0,0,0.0520833333333333,0,0,0,0,0,0,0.96875,0.03125,0.0208333333333333,0,0,0,0,96,0,0.0520833333333333,0,0,0,0,0,0,0,0,0,0,0,0,0,0,0,0,0,0,0,0,0
"163",82,"0_0_0",9,0,0,0,0,0,0,0,0,0,0,0,0,0,0,0,0.989583333333333,0.0390625,0.0234375,0,0,0,0,96,0,0.0625,0,0,0,0,0,0,0,0,0,0,0,0,0,0,0,0,0,0,0,0,0
"164",82,"0_0_0",9,1,0,0,0,0,0,0,0,0.0338541666666667,0,0.00260416666666667,0,0,0,0,0.90625,0.0625,0.0546875,0.00520833333333333,0,0,0,96,0,0.122395833333333,0,0,0,0,0,0,0,0,0,0,0,0,0,0,0,0,0,0,0,0,0
"165",83,"1_1_1",9,0,1,1,1,0.0260416666666667,0.0546875,0,0,0,0.00520833333333333,0.0208333333333333,0,0,0,0,0.833333333333333,0.0755208333333333,0.0859375,0.00520833333333333,0,0,0,96,0.0807291666666667,0.166666666666667,2,0,0,0,0,0,0,0,4,0,0,0,20,0,0,0,0,0,0,26,3
"166",83,"1_1_1",9,1,1,1,1,0.03125,0.0572916666666667,0,0,0,0.0078125,0.03125,0,0,0,0,0.708333333333333,0.1796875,0.0807291666666667,0.015625,0.00260416666666667,0,0,96,0.0885416666666667,0.278645833333333,0,3,0,0,0,0,0,0,7,0,0,0,8,0,0,0,0,0,0,18,3
"167",84,"1_1_0",9,0,1,1,0,0.0104166666666667,0.0364583333333333,0,0,0.00260416666666667,0,0.00520833333333333,0,0,0,0,0.875,0.0807291666666667,0.0546875,0.0286458333333333,0,0,0,96,0.046875,0.1640625,0,0,0,0,0,0,0,0,0,0,0,0,0,0,0,0,0,0,0,0,0
"168",84,"1_1_0",9,1,1,1,0,0.0338541666666667,0.046875,0,0,0,0,0,0,0,0,0,0.8125,0.09375,0.0833333333333333,0.0260416666666667,0,0,0,96,0.0807291666666667,0.203125,0,0,0,0,0,0,0,0,0,0,0,0,0,0,0,0,0,0,0,0,0
"169",85,"1_1_2",9,0,1,1,2,0.046875,0.046875,0,0,0,0.0234375,0.0182291666666667,0,0,0,0,0.75,0.1171875,0.0859375,0.0234375,0.0130208333333333,0,0,96,0.09375,0.239583333333333,0,3,0,0,0,0,0,0,7,0,0,0,8,0,0,0,0,0,0,18,3
"170",85,"1_1_2",9,1,1,1,2,0.0605263157894737,0.0342105263157895,0,0,0,0.00789473684210526,0.0210526315789474,0,0,0,0,0.831578947368421,0.0473684210526316,0.0815789473684211,0.00526315789473684,0.0210526315789474,0,0,95,0.0947368421052632,0.155263157894737,0,0,0,0,0,0,0,0,4,0,0,0,20,0,0,0,0,0,0,24,2
"171",86,"0_1_2",9,0,0,1,2,0.0572916666666667,0.0625,0,0,0,0,0.0078125,0,0,0,0,0.770833333333333,0.0703125,0.106770833333333,0.0182291666666667,0,0,0,96,0.119791666666667,0.1953125,0,1,0,0,0,0,0,0,0,0,0,0,0,0,0,0,0,0,0,1,1
"172",86,"0_1_2",9,1,0,1,2,0.114583333333333,0.0625,0,0,0,0,0.00520833333333333,0,0,0,0,0.78125,0.0546875,0.0625,0.0130208333333333,0,0,0,96,0.177083333333333,0.130208333333333,1,0,0,0,0,0,0,0,0,0,0,0,0,0,0,0,0,0,0,1,1
"173",87,"1_0_0",9,0,1,0,0,0,0.00260416666666667,0,0,0,0,0.015625,0,0,0,0,0.802083333333333,0.127604166666667,0.0833333333333333,0.0338541666666667,0,0,0,96,0.00260416666666667,0.244791666666667,0,0,0,0,0,0,0,0,0,0,0,0,0,0,0,0,0,0,0,0,0
"174",87,"1_0_0",9,1,1,0,0,0,0,0,0,0.0520833333333333,0.00260416666666667,0.0182291666666667,0,0,0,0,0.802083333333333,0.1015625,0.0833333333333333,0.00520833333333333,0,0,0,96,0,0.190104166666667,0,0,0,0,0,0,0,0,1,0,0,0,0,0,0,0,0,0,0,1,1
"175",88,"0_1_0",9,0,0,1,0,0.0364583333333333,0.0651041666666667,0,0,0,0,0.00520833333333333,0,0,0,0,0.854166666666667,0.046875,0.0651041666666667,0.0078125,0.0260416666666667,0,0,96,0.1015625,0.145833333333333,0,3,0,3,0,0,0,0,1,0,0,0,1,0,0,0,0,0,0,8,4
"176",88,"0_1_0",9,1,0,1,0,0.0807291666666667,0.0546875,0,0,0.0234375,0.00260416666666667,0.03125,0,0,0,0,0.770833333333333,0.0859375,0.0338541666666667,0.0104166666666667,0,0,0,96,0.135416666666667,0.130208333333333,0,0,0,2,0,0,0,0,0,0,0,0,1,0,0,0,0,0,0,3,2
"177",89,"0_1_1",9,0,0,1,1,0.0182291666666667,0.0598958333333333,0,0,0,0.0130208333333333,0.0182291666666667,0,0,0,0,0.864583333333333,0.0546875,0.046875,0.0208333333333333,0,0,0,96,0.0572916666666667,0.122395833333333,0,2,1,0,0,0,0,0,1,0,0,0,12,0,0,0,0,0,0,16,4
"178",89,"0_1_1",9,1,0,1,1,0.0416666666666667,0.0416666666666667,0,0,0,0.00520833333333333,0.0286458333333333,0,0,0,0,0.8125,0.0833333333333333,0.078125,0.0182291666666667,0,0,0,96,0.0833333333333333,0.1796875,0,8,0,1,0,0,0,0,1,0,0,0,19,0,0,0,0,0,0,29,4
"179",90,"1_0_1",9,0,1,0,1,0,0,0,0,0.015625,0.0078125,0.0234375,0,0,0,0,0.583333333333333,0.192708333333333,0.208333333333333,0.03125,0,0,0,96,0,0.432291666666667,0,0,0,1,0,0,0,0,13,0,0,0,0,0,0,0,0,0,0,14,2
"180",90,"1_0_1",9,1,1,0,1,0,0,0,0,0.0157894736842105,0.0105263157894737,0.0289473684210526,0,0,0.0105263157894737,0,0.536842105263158,0.197368421052632,0.186842105263158,0.0763157894736842,0,0,0,95,0,0.460526315789474,0,1,0,1,0,0,0,0,16,0,0,0,0,0,0,0,0,0,0,18,3
"181",91,"1_1_0",10,0,1,1,0,0.0833333333333333,0.0885416666666667,0,0,0,0,0.0260416666666667,0,0,0,0.0130208333333333,0.708333333333333,0.0963541666666667,0.0703125,0.0182291666666667,0,0,0,96,0.171875,0.184895833333333,0,0,0,0,0,0,0,0,0,0,0,1,0,0,0,0,0,0,0,1,1
"182",91,"1_1_0",10,1,1,1,0,0.1171875,0.0729166666666667,0,0,0,0,0.03125,0,0,0,0.00260416666666667,0.708333333333333,0.0911458333333333,0.0677083333333333,0.015625,0,0,0,96,0.190104166666667,0.174479166666667,0,0,0,0,0,0,0,0,0,0,0,0,0,0,0,0,0,0,0,0,0
"183",92,"1_1_2",10,0,1,1,2,0.0885416666666667,0.0807291666666667,0,0,0,0,0.0390625,0,0,0.00260416666666667,0.0078125,0.71875,0.0442708333333333,0.122395833333333,0,0,0,0,96,0.169270833333333,0.166666666666667,0,0,0,0,0,0,0,0,0,0,0,0,0,0,0,0,0,0,0,0,0
"184",92,"1_1_2",10,1,1,1,2,0.078125,0.0703125,0,0,0.0104166666666667,0,0.0286458333333333,0,0,0.00520833333333333,0.00520833333333333,0.8125,0.0677083333333333,0.0390625,0,0,0,0,96,0.1484375,0.106770833333333,0,0,0,0,0,0,0,0,0,0,0,0,0,0,0,0,0,0,0,0,0
"185",93,"0_1_2",10,0,0,1,2,0.1328125,0.0598958333333333,0,0,0,0,0.03125,0,0,0,0.00520833333333333,0.708333333333333,0.0755208333333333,0.0833333333333333,0.00520833333333333,0,0,0,96,0.192708333333333,0.1640625,0,0,0,0,0,0,0,0,0,0,0,0,0,0,0,0,0,0,0,0,0
"186",93,"0_1_2",10,1,0,1,2,0.09375,0.0572916666666667,0,0,0,0,0.0208333333333333,0,0,0,0.00520833333333333,0.645833333333333,0.174479166666667,0.0755208333333333,0.015625,0,0,0,96,0.151041666666667,0.265625,0,0,0,0,0,0,0,0,0,0,0,0,0,0,0,0,0,0,0,0,0
"187",94,"0_1_1",10,0,0,1,1,0.0494791666666667,0.0598958333333333,0,0,0,0.00260416666666667,0.0260416666666667,0,0,0,0,0.791666666666667,0.078125,0.0885416666666667,0.00260416666666667,0,0,0,96,0.109375,0.169270833333333,0,0,0,0,0,0,0,0,0,0,0,0,0,0,0,0,0,0,0,0,0
"188",94,"0_1_1",10,1,0,1,1,0.1015625,0.0546875,0,0,0.00260416666666667,0,0.0286458333333333,0,0,0,0.00260416666666667,0.770833333333333,0.0651041666666667,0.0807291666666667,0,0,0,0,96,0.15625,0.145833333333333,0,0,0,0,0,0,0,0,0,0,0,0,0,0,0,0,0,0,0,0,0
"189",95,"0_0_1",10,0,0,0,1,0,0.00260416666666667,0,0,0,0.00260416666666667,0.015625,0,0,0,0.00520833333333333,0.875,0.0572916666666667,0.0911458333333333,0.0286458333333333,0,0,0,96,0.00260416666666667,0.177083333333333,2,0,0,0,0,0,0,0,0,0,0,0,0,0,0,0,0,0,0,2,1
"190",95,"0_0_1",10,1,0,0,1,0,0,0,0,0.0677083333333333,0.0182291666666667,0.0390625,0,0,0,0.0130208333333333,0.760416666666667,0.0572916666666667,0.0807291666666667,0.0807291666666667,0,0,0,96,0,0.21875,0,0,0,0,0,0,0,0,0,0,0,0,0,0,0,0,0,0,0,0,0
"191",96,"0_0_0",10,0,0,0,0,0.0104166666666667,0.0182291666666667,0,0,0,0,0.03125,0,0,0,0,0.645833333333333,0.192708333333333,0.1171875,0.0546875,0.0104166666666667,0,0,96,0.0286458333333333,0.375,1,0,0,1,0,0,0,0,0,0,0,0,0,0,0,0,0,0,0,2,2
"192",96,"0_0_0",10,1,0,0,0,0.0104166666666667,0.00260416666666667,0,0,0.0572916666666667,0.00260416666666667,0.0364583333333333,0,0,0,0.00520833333333333,0.666666666666667,0.143229166666667,0.0859375,0.0729166666666667,0.0104166666666667,0,0,96,0.0130208333333333,0.3125,0,0,0,3,0,0,0,0,0,0,0,1,0,0,0,0,0,0,0,4,2
"193",97,"1_0_1",10,0,1,0,1,0,0,0,0,0,0.00520833333333333,0.0364583333333333,0,0,0,0.0182291666666667,0.520833333333333,0.177083333333333,0.28125,0.0208333333333333,0,0,0,96,0,0.479166666666667,0,0,0,1,0,0,0,0,0,0,0,0,0,0,0,0,0,0,0,1,1
"194",97,"1_0_1",10,1,1,0,1,0,0,0,0,0.0653409090909091,0,0.0568181818181818,0,0,0,0.00568181818181818,0.590909090909091,0.164772727272727,0.161931818181818,0.0227272727272727,0,0,0,88,0,0.349431818181818,4,0,0,1,0,0,0,0,0,0,0,0,0,0,0,0,0,0,0,5,2
"195",98,"1_0_0",10,0,1,0,0,0.0210526315789474,0,0,0,0,0,0.0210526315789474,0,0,0,0.00526315789473684,0.715789473684211,0.223684210526316,0.0631578947368421,0.00789473684210526,0.00263157894736842,0,0,95,0.0210526315789474,0.297368421052632,0,0,0,0,0,0,0,0,0,0,0,0,0,0,0,0,0,0,0,0,0
"196",98,"1_0_0",10,1,1,0,0,0,0,0,0,0.046875,0,0.0260416666666667,0,0,0.00260416666666667,0.00260416666666667,0.6875,0.161458333333333,0.111979166666667,0.0260416666666667,0,0,0,96,0,0.299479166666667,0,0,0,0,0,0,0,0,0,0,0,0,0,0,0,0,0,0,0,0,0
"197",99,"0_1_0",10,0,0,1,0,0.111979166666667,0.1015625,0,0,0.00260416666666667,0,0.0260416666666667,0,0,0.00260416666666667,0,0.333333333333333,0.3359375,0.143229166666667,0.0234375,0,0,0,96,0.213541666666667,0.502604166666667,0,0,0,0,0,0,0,0,0,0,0,0,0,0,0,0,0,0,0,0,0
"198",99,"0_1_0",10,1,0,1,0,0.197916666666667,0.0807291666666667,0.0104166666666667,0,0,0,0.0416666666666667,0,0,0,0.00260416666666667,0.354166666666667,0.192708333333333,0.151041666666667,0.0442708333333333,0,0,0,96,0.278645833333333,0.388020833333333,0,0,0,1,0,0,0,0,0,0,0,0,0,0,0,0,0,0,0,1,1
"199",100,"1_1_1",10,0,1,1,1,0.078125,0.0390625,0,0,0,0,0.0390625,0,0,0.00520833333333333,0,0.6875,0.192708333333333,0.0625,0.0078125,0,0,0,96,0.1171875,0.263020833333333,0,0,0,0,0,0,0,0,0,0,0,0,0,0,0,0,0,0,0,0,0
"200",100,"1_1_1",10,1,1,1,1,0.125,0.0364583333333333,0,0,0,0,0.0364583333333333,0,0,0,0,0.604166666666667,0.171875,0.0859375,0.0364583333333333,0,0,0,96,0.161458333333333,0.294270833333333,0,0,0,0,0,0,0,0,0,0,0,0,0,0,0,0,0,0,0,0,0
"201",101,"1_0_1",11,0,1,0,1,0.0182291666666667,0.00260416666666667,0,0,0.0182291666666667,0.0078125,0.0364583333333333,0,0,0,0,0.6875,0.119791666666667,0.174479166666667,0.0364583333333333,0.00260416666666667,0,0,96,0.0208333333333333,0.333333333333333,0,0,3,0,0,0,0,0,0,0,0,0,0,0,0,0,0,0,0,3,1
"202",101,"1_0_1",11,1,1,0,1,0.00260416666666667,0.00260416666666667,0,0.00260416666666667,0.0677083333333333,0.00260416666666667,0.0286458333333333,0,0,0,0,0.635416666666667,0.221354166666667,0.0625,0.0572916666666667,0.015625,0,0,96,0.0078125,0.356770833333333,0,0,0,0,0,0,0,0,0,0,0,0,0,0,0,0,0,0,0,0,0
"203",102,"0_0_1",11,0,0,0,1,0.0157894736842105,0,0,0,0.0105263157894737,0,0.0315789473684211,0,0,0,0,0.631578947368421,0.181578947368421,0.163157894736842,0.0368421052631579,0.0105263157894737,0,0,95,0.0157894736842105,0.392105263157895,0,0,0,0,0,0,0,0,0,0,0,0,0,0,0,0,0,0,0,0,0
"204",102,"0_0_1",11,1,0,0,1,0.0416666666666667,0,0,0,0.0598958333333333,0.00260416666666667,0.0234375,0,0,0,0,0.489583333333333,0.239583333333333,0.190104166666667,0.0234375,0,0,0,96,0.0416666666666667,0.453125,0,0,0,0,0,0,0,0,0,0,0,0,0,0,0,0,0,0,0,0,0
"205",103,"0_0_0",11,0,0,0,0,0.0130208333333333,0,0,0,0,0,0.0234375,0,0,0,0,0.625,0.231770833333333,0.143229166666667,0.015625,0,0,0,96,0.0130208333333333,0.390625,0,0,0,0,0,0,0,0,0,0,0,0,0,0,0,0,0,0,0,0,0
"206",103,"0_0_0",11,1,0,0,0,0.0283505154639175,0,0,0,0.0335051546391753,0,0.0309278350515464,0,0,0,0,0.752577319587629,0.164948453608247,0.0721649484536082,0.00515463917525773,0,0,0,97,0.0283505154639175,0.242268041237113,0,0,0,0,0,0,0,0,0,0,0,0,0,0,0,0,0,0,0,0,0
"207",104,"1_1_1",11,0,1,1,1,0.0868421052631579,0.0473684210526316,0,0,0,0,0.0342105263157895,0,0,0,0,0.694736842105263,0.0894736842105263,0.123684210526316,0.0210526315789474,0.00263157894736842,0,0,95,0.134210526315789,0.236842105263158,0,0,1,0,0,0,0,0,0,0,0,0,0,0,0,0,0,0,0,1,1
"208",104,"1_1_1",11,1,1,1,1,0.115168539325843,0.0337078651685393,0,0,0,0.00561797752808989,0.0280898876404494,0,0,0,0,0.662921348314607,0.207865168539326,0.117977528089888,0.0337078651685393,0.00842696629213483,0,0,89,0.148876404494382,0.367977528089888,0,0,3,1,0,0,0,0,0,0,0,0,0,0,0,0,0,0,0,4,2
"209",105,"1_1_0",11,0,1,1,0,0.0546875,0.0989583333333333,0,0,0.0390625,0,0.0260416666666667,0,0,0.00260416666666667,0,0.604166666666667,0.1015625,0.174479166666667,0.0104166666666667,0.015625,0,0,96,0.153645833333333,0.302083333333333,0,0,4,0,0,0,0,0,0,0,0,0,0,0,0,0,0,0,0,4,1
"210",105,"1_1_0",11,1,1,1,0,0.0364583333333333,0.127604166666667,0,0,0.0078125,0,0.0390625,0,0,0.00260416666666667,0,0.625,0.138020833333333,0.106770833333333,0.0364583333333333,0.0078125,0,0,96,0.1640625,0.2890625,0,0,6,0,0,0,0,0,0,0,0,0,0,0,0,0,0,0,0,6,1
"211",106,"1_1_2",11,0,1,1,2,0.109375,0.046875,0,0,0,0,0.0234375,0,0,0,0,0.697916666666667,0.125,0.078125,0.0182291666666667,0.00520833333333333,0,0,96,0.15625,0.2265625,0,0,2,0,0,0,0,0,0,0,0,0,0,0,0,0,0,0,0,2,1
"212",106,"1_1_2",11,1,1,1,2,0.0585106382978723,0.0398936170212766,0,0,0.00531914893617021,0.00531914893617021,0.0159574468085106,0.0132978723404255,0,0,0,0.723404255319149,0.11968085106383,0.122340425531915,0.0212765957446809,0,0,0,94,0.0984042553191489,0.263297872340426,0,1,2,0,0,0,0,0,0,0,0,0,0,0,0,0,0,0,0,3,2
"213",107,"0_1_2",11,0,0,1,2,0.0625,0.1953125,0,0,0.0442708333333333,0,0.0520833333333333,0,0,0,0,0.450520833333333,0.1171875,0.143229166666667,0.0260416666666667,0.0104166666666667,0,0,96,0.2578125,0.296875,0,0,0,0,0,0,0,0,0,0,0,0,0,0,0,0,0,0,0,0,0
"214",107,"0_1_2",11,1,0,1,2,0.0729166666666667,0.177083333333333,0,0,0.0286458333333333,0.0130208333333333,0.0625,0,0,0.00260416666666667,0,0.541666666666667,0.1171875,0.0755208333333333,0.0260416666666667,0.00260416666666667,0,0,96,0.25,0.221354166666667,0,0,0,0,0,0,0,0,0,0,0,0,0,0,0,0,0,1,0,1,1
"215",108,"1_0_0",11,0,1,0,0,0.00260416666666667,0,0,0,0,0.00520833333333333,0.0338541666666667,0,0,0.00260416666666667,0,0.708333333333333,0.138020833333333,0.143229166666667,0.0364583333333333,0.0104166666666667,0,0,96,0.00260416666666667,0.328125,0,0,6,0,0,0,0,0,0,0,0,0,0,0,0,0,0,0,0,6,1
"216",108,"1_0_0",11,1,1,0,0,0,0,0,0,0.046875,0.00520833333333333,0.0260416666666667,0,0,0,0,0.8125,0.0859375,0.0807291666666667,0.0338541666666667,0,0,0,96,0,0.200520833333333,0,1,3,0,0,0,0,0,0,0,0,0,0,0,0,0,0,1,0,5,3
"217",109,"0_1_0",11,0,0,1,0,0.0885416666666667,0.15625,0,0,0.0182291666666667,0,0.0442708333333333,0,0,0,0,0.59375,0.0989583333333333,0.0520833333333333,0.0364583333333333,0.0130208333333333,0,0,96,0.244791666666667,0.200520833333333,0,1,4,1,0,0,0,0,0,1,0,0,0,0,0,0,0,0,0,7,4
"218",109,"0_1_0",11,1,0,1,0,0.182291666666667,0.1171875,0.00260416666666667,0,0.00260416666666667,0,0.0598958333333333,0,0,0,0,0.552083333333333,0.0651041666666667,0.0911458333333333,0.0078125,0,0,0,96,0.299479166666667,0.1640625,0,0,3,0,0,0,0,0,0,1,0,0,0,0,0,0,0,0,0,4,2
"219",110,"0_1_1",11,0,0,1,1,0.143229166666667,0.0651041666666667,0,0,0,0.00520833333333333,0.0286458333333333,0,0,0,0,0.65625,0.127604166666667,0.0625,0.0182291666666667,0,0,0,96,0.208333333333333,0.208333333333333,5,3,34,1,0,2,0,0,0,0,0,0,0,0,0,0,2,3,1,51,8
"220",110,"0_1_1",11,1,0,1,1,0.143229166666667,0.0703125,0,0,0,0.0182291666666667,0.0208333333333333,0,0,0,0,0.666666666666667,0.09375,0.0625,0.0208333333333333,0,0,0,96,0.213541666666667,0.177083333333333,4,2,20,0,0,0,0,0,0,0,0,0,0,0,1,0,0,0,0,27,4
"221",111,"1_0_1",12,0,1,0,1,0.0833333333333333,0.0390625,0,0,0.00260416666666667,0,0.03125,0,0,0.00260416666666667,0,0.666666666666667,0.1640625,0.0989583333333333,0.015625,0,0,0,96,0.122395833333333,0.278645833333333,0,0,0,1,0,0,0,0,0,1,0,0,0,0,0,0,0,0,0,2,2
"222",111,"1_0_1",12,1,1,0,1,0.0494791666666667,0.0104166666666667,0,0,0.0260416666666667,0.0078125,0.046875,0,0,0.0078125,0,0.71875,0.158854166666667,0.0911458333333333,0.00260416666666667,0,0,0,96,0.0598958333333333,0.252604166666667,0,0,20,3,0,0,0,0,0,11,0,0,0,0,2,0,0,0,0,36,4
"223",112,"1_1_0",12,0,1,1,0,0.1484375,0.0755208333333333,0,0,0,0.00260416666666667,0.0390625,0,0,0.00520833333333333,0,0.53125,0.169270833333333,0.104166666666667,0.0104166666666667,0,0,0,96,0.223958333333333,0.283854166666667,0,0,13,3,0,0,0,0,0,1,0,0,0,0,0,0,0,0,0,17,3
"224",112,"1_1_0",12,1,1,1,0,0.169270833333333,0.046875,0,0,0,0,0.0572916666666667,0,0,0.0078125,0,0.53125,0.169270833333333,0.0859375,0.0234375,0,0,0,96,0.216145833333333,0.278645833333333,0,0,1,0,0,0,0,0,0,1,0,0,0,0,0,0,0,0,0,2,2
"225",113,"0_1_0",12,0,0,1,0,0.169270833333333,0.114583333333333,0,0,0,0,0.046875,0,0,0.00260416666666667,0,0.510416666666667,0.1171875,0.0703125,0.0598958333333333,0,0,0,96,0.283854166666667,0.247395833333333,0,0,0,0,0,0,0,0,0,1,0,0,0,0,0,0,0,0,0,1,1
"226",113,"0_1_0",12,1,0,1,0,0.125,0.0625,0,0,0,0,0.078125,0,0,0.00520833333333333,0,0.541666666666667,0.174479166666667,0.0729166666666667,0.03125,0.00260416666666667,0,0,96,0.1875,0.28125,0,0,0,0,0,0,0,0,0,1,0,0,0,0,0,0,0,0,0,1,1
"227",114,"0_0_1",12,0,0,0,1,0.0885416666666667,0.0104166666666667,0,0,0,0.00260416666666667,0.0364583333333333,0,0,0.0130208333333333,0,0.489583333333333,0.3125,0.104166666666667,0.0260416666666667,0,0,0,96,0.0989583333333333,0.442708333333333,0,0,1,0,0,0,0,0,0,1,0,0,0,0,0,0,0,0,0,2,2
"228",114,"0_0_1",12,1,0,0,1,0.0833333333333333,0.00260416666666667,0,0,0.0442708333333333,0.00260416666666667,0.046875,0,0,0.0104166666666667,0,0.458333333333333,0.283854166666667,0.153645833333333,0.0104166666666667,0,0,0,96,0.0859375,0.447916666666667,0,0,0,0,0,0,0,0,0,1,0,0,0,0,0,0,0,0,0,1,1
"229",115,"0_1_2",12,0,0,1,2,0.125,0.0390625,0,0,0,0,0.0442708333333333,0,0,0.00520833333333333,0,0.520833333333333,0.239583333333333,0.0989583333333333,0.0130208333333333,0,0,0,96,0.1640625,0.3515625,0,0,0,0,0,0,0,0,0,11,0,0,0,0,0,0,0,0,0,11,1
"230",115,"0_1_2",12,1,0,1,2,0.161458333333333,0.0546875,0,0,0.00260416666666667,0,0.0286458333333333,0,0,0.00260416666666667,0,0.520833333333333,0.1953125,0.09375,0.0260416666666667,0,0,0,96,0.216145833333333,0.315104166666667,0,0,0,0,0,0,0,0,0,0,0,0,0,0,0,0,0,0,0,0,0
"231",116,"1_1_1",12,0,1,1,1,0.03125,0.2109375,0,0,0,0.0078125,0.0390625,0,0,0.0130208333333333,0,0.614583333333333,0.125,0.0520833333333333,0,0.0104166666666667,0,0,96,0.2421875,0.1875,0,0,0,0,0,0,0,0,0,1,0,0,0,0,0,0,0,0,0,1,1
"232",116,"1_1_1",12,1,1,1,1,0.0338541666666667,0.0703125,0,0,0.0104166666666667,0,0.0546875,0,0,0,0,0.677083333333333,0.145833333333333,0.0885416666666667,0.0234375,0,0,0,96,0.104166666666667,0.2578125,0,0,0,0,0,0,0,0,0,1,0,0,0,0,2,0,0,0,0,3,2
"233",117,"1_0_0",12,0,1,0,0,0.046875,0,0,0,0,0,0.0260416666666667,0,0,0.00260416666666667,0,0.625,0.25,0.0989583333333333,0.0182291666666667,0,0,0,96,0.046875,0.3671875,0,0,0,0,0,0,0,0,0,1,0,0,0,0,0,0,0,0,0,1,1
"234",117,"1_0_0",12,1,1,0,0,0.0338541666666667,0.0078125,0,0,0.0572916666666667,0.0104166666666667,0.0364583333333333,0,0,0.0104166666666667,0,0.71875,0.200520833333333,0.0520833333333333,0,0,0,0,96,0.0416666666666667,0.252604166666667,0,0,1,0,0,0,0,0,0,0,0,0,10,0,0,0,0,0,0,11,2
"235",118,"1_1_2",12,0,1,1,2,0.0104166666666667,0.0885416666666667,0,0,0.0260416666666667,0.00520833333333333,0.0885416666666667,0,0,0.0104166666666667,0,0.5625,0.171875,0.0546875,0.0572916666666667,0.015625,0,0,96,0.0989583333333333,0.299479166666667,0,0,0,0,0,0,0,0,0,3,0,0,0,0,0,0,0,0,0,3,1
"236",118,"1_1_2",12,1,1,1,2,0.0286458333333333,0.1171875,0,0,0.0234375,0.00260416666666667,0.0651041666666667,0,0,0.0078125,0,0.5625,0.21875,0.0546875,0.03125,0.00520833333333333,0,0,96,0.145833333333333,0.309895833333333,0,0,0,0,0,0,0,0,0,2,0,0,0,0,0,0,0,0,0,2,1
"237",119,"0_1_1",12,0,0,1,1,0.158854166666667,0.0625,0,0,0,0.0104166666666667,0.0260416666666667,0,0,0,0,0.583333333333333,0.140625,0.1015625,0.0104166666666667,0,0,0,96,0.221354166666667,0.252604166666667,0,0,0,0,0,0,0,0,0,0,0,0,0,0,0,0,0,0,0,0,0
"238",119,"0_1_1",12,1,0,1,1,0.111979166666667,0.0546875,0,0,0,0.00260416666666667,0.0364583333333333,0,0,0.0078125,0,0.708333333333333,0.125,0.0572916666666667,0.0104166666666667,0,0,0,96,0.166666666666667,0.192708333333333,0,0,0,0,0,0,0,0,0,2,0,0,0,0,0,0,0,0,0,2,1
"239",120,"0_0_0",12,0,0,0,0,0.0338541666666667,0.0078125,0,0,0,0,0.0208333333333333,0,0,0.0078125,0,0.65625,0.234375,0.109375,0.0078125,0,0,0,96,0.0416666666666667,0.3515625,0,0,0,0,0,0,0,0,0,0,0,0,0,0,0,0,0,0,0,0,0
"240",120,"0_0_0",12,1,0,0,0,0.03125,0.00520833333333333,0,0,0.0598958333333333,0,0.0442708333333333,0,0,0.0104166666666667,0,0.59375,0.2421875,0.0885416666666667,0.00260416666666667,0,0,0,96,0.0364583333333333,0.333333333333333,0,0,0,0,0,0,0,0,0,0,0,0,0,0,0,0,0,0,0,0,0
"241",121,"0_1_0",13,0,0,1,0,0.114583333333333,0.0546875,0,0,0,0.0182291666666667,0.0286458333333333,0.0130208333333333,0,0.00520833333333333,0,0.572916666666667,0.192708333333333,0.0911458333333333,0.0286458333333333,0,0,0,96,0.169270833333333,0.3125,0,0,231,0,0,0,0,0,0,17,0,0,0,0,0,0,0,0,0,248,2
"242",121,"0_1_0",13,1,0,1,0,0.0572916666666667,0.0703125,0,0,0,0.0078125,0.046875,0,0,0.00520833333333333,0,0.635416666666667,0.1953125,0.0755208333333333,0.0104166666666667,0,0,0,96,0.127604166666667,0.28125,0,0,225,0,0,0,0,0,0,18,0,0,0,0,0,0,0,0,0,243,2
"243",122,"1_0_1",13,0,1,0,1,0.139473684210526,0,0,0,0.0157894736842105,0.00789473684210526,0.0263157894736842,0,0,0.00789473684210526,0,0.526315789473684,0.223684210526316,0.0868421052631579,0.0631578947368421,0.0105263157894737,0,0,95,0.139473684210526,0.384210526315789,0,0,201,1,0,0,0,0,0,2,0,0,0,0,0,0,0,0,0,204,3
"244",122,"1_0_1",13,1,1,0,1,0.182291666666667,0.0208333333333333,0,0,0.0572916666666667,0.0286458333333333,0.046875,0,0,0,0,0.5,0.1484375,0.078125,0.0416666666666667,0.0104166666666667,0,0,96,0.203125,0.278645833333333,1,0,378,1,0,0,0,0,0,16,0,0,0,0,0,0,0,0,0,396,4
"245",123,"1_0_0",13,0,1,0,0,0.0286458333333333,0.00260416666666667,0,0,0.00260416666666667,0.015625,0.03125,0,0,0.00520833333333333,0,0.625,0.283854166666667,0.0911458333333333,0.0208333333333333,0.00260416666666667,0,0,96,0.03125,0.3984375,0,0,207,0,0,0,0,0,0,7,0,0,0,0,0,0,0,0,0,214,2
"246",123,"1_0_0",13,1,1,0,0,0.00520833333333333,0.00260416666666667,0,0,0.0364583333333333,0.0364583333333333,0.0494791666666667,0,0,0.0078125,0,0.604166666666667,0.213541666666667,0.122395833333333,0.03125,0.00260416666666667,0,0,96,0.0078125,0.369791666666667,0,0,239,0,0,0,0,0,0,14,0,0,0,0,0,0,0,0,0,253,2
"247",124,"0_1_2",13,0,0,1,2,0.153645833333333,0.0572916666666667,0,0,0,0.0390625,0.0286458333333333,0.00260416666666667,0,0,0,0.552083333333333,0.0911458333333333,0.1171875,0.0703125,0.03125,0,0,96,0.2109375,0.309895833333333,0,0,226,0,0,0,0,0,0,14,0,0,0,0,0,0,0,0,0,240,2
"248",124,"0_1_2",13,1,0,1,2,0.213541666666667,0.0625,0,0,0,0.0364583333333333,0.0338541666666667,0,0.00260416666666667,0.0078125,0,0.541666666666667,0.109375,0.0729166666666667,0.0416666666666667,0.015625,0,0,96,0.276041666666667,0.239583333333333,0,0,229,0,0,0,0,0,0,13,0,0,0,0,0,0,0,0,0,242,2
"249",125,"0_0_1",13,0,0,0,1,0,0,0,0,0,0.0234375,0.03125,0.0130208333333333,0.00520833333333333,0,0,0.6875,0.171875,0.135416666666667,0.03125,0.00520833333333333,0,0,96,0,0.34375,0,0,286,1,0,0,0,0,0,34,0,0,0,0,0,0,0,0,0,321,3
"250",125,"0_0_1",13,1,0,0,1,0.00520833333333333,0,0,0,0.0520833333333333,0.015625,0.0390625,0,0,0.00260416666666667,0,0.604166666666667,0.260416666666667,0.0989583333333333,0.0260416666666667,0,0,0,96,0.00520833333333333,0.385416666666667,0,0,193,4,0,0,0,0,0,60,0,0,0,0,0,0,0,0,0,257,3
"251",126,"1_1_1",13,0,1,1,1,0.143229166666667,0.0390625,0,0,0,0.0286458333333333,0.0390625,0,0,0,0,0.625,0.169270833333333,0.0755208333333333,0.0208333333333333,0,0,0,96,0.182291666666667,0.265625,0,0,237,3,0,0,0,0,0,25,0,0,0,0,0,0,0,0,0,265,3
"252",126,"1_1_1",13,1,1,1,1,0.0598958333333333,0.0390625,0,0,0,0.0546875,0.0651041666666667,0.0130208333333333,0,0,0,0.645833333333333,0.15625,0.0807291666666667,0.0182291666666667,0,0,0,96,0.0989583333333333,0.255208333333333,0,0,223,1,0,0,0,0,0,35,0,0,0,0,0,0,0,0,0,259,3
"253",127,"1_1_0",13,0,1,1,0,0.104166666666667,0.109375,0.00260416666666667,0,0,0.0104166666666667,0.0520833333333333,0,0,0,0,0.59375,0.109375,0.104166666666667,0.0234375,0,0,0,96,0.213541666666667,0.236979166666667,0,0,102,0,0,0,0,0,0,3,0,0,0,0,0,0,0,0,0,105,2
"254",127,"1_1_0",13,1,1,1,0,0.151041666666667,0.0885416666666667,0,0,0,0.0130208333333333,0.0338541666666667,0,0.00260416666666667,0,0,0.625,0.0833333333333333,0.0807291666666667,0.0234375,0.00260416666666667,0,0,96,0.239583333333333,0.190104166666667,0,0,94,0,0,0,0,0,0,0,0,0,0,0,0,0,0,0,0,94,1
"255",128,"0_0_0",13,0,0,0,0,0.03125,0,0,0,0,0.0182291666666667,0.0442708333333333,0.00520833333333333,0,0,0,0.802083333333333,0.109375,0.0729166666666667,0.0182291666666667,0,0,0,96,0.03125,0.200520833333333,0,0,105,0,0,0,0,0,0,0,0,0,0,0,0,0,0,0,0,105,1
"256",128,"0_0_0",13,1,0,0,0,0.0338541666666667,0,0,0,0.0807291666666667,0.0104166666666667,0.0286458333333333,0,0,0,0.015625,0.635416666666667,0.1875,0.119791666666667,0.0078125,0,0,0,96,0.0338541666666667,0.315104166666667,0,0,110,1,0,0,0,0,0,5,0,0,0,0,0,0,0,0,0,116,3
"257",129,"1_1_2",13,0,1,1,2,0.0677083333333333,0.0651041666666667,0,0,0,0.00520833333333333,0.0364583333333333,0.00520833333333333,0.00520833333333333,0.00260416666666667,0,0.791666666666667,0.0546875,0.0520833333333333,0.0598958333333333,0.00520833333333333,0,0,96,0.1328125,0.171875,1,0,137,1,0,0,0,0,0,3,0,0,0,0,0,0,0,0,0,142,4
"258",129,"1_1_2",13,1,1,1,2,0.0546875,0.0885416666666667,0,0,0,0.00520833333333333,0.0625,0,0,0.00260416666666667,0,0.739583333333333,0.0625,0.0807291666666667,0.0338541666666667,0.00260416666666667,0,0,96,0.143229166666667,0.1796875,0,0,188,0,0,0,0,0,0,12,0,0,0,0,0,0,0,0,0,200,2
"259",130,"0_1_1",13,0,0,1,1,0.0309278350515464,0.105670103092784,0,0,0.0979381443298969,0.0128865979381443,0.0206185567010309,0.0206185567010309,0.0128865979381443,0,0.0309278350515464,0.65979381443299,0.0567010309278351,0.0747422680412371,0,0.0103092783505155,0,0,97,0.13659793814433,0.141752577319588,0,0,115,2,0,0,0,0,0,0,0,0,0,0,0,0,0,0,0,117,2
"260",130,"0_1_1",13,1,0,1,1,0.0390625,0.151041666666667,0,0,0.0703125,0.015625,0.046875,0,0.0234375,0.00520833333333333,0.0416666666666667,0.565104166666667,0.1328125,0.0338541666666667,0,0,0,0,96,0.190104166666667,0.166666666666667,0,0,221,0,0,0,0,0,0,1,0,0,0,0,0,0,0,0,0,222,2
